column-0,cond-rep,expbc,index,index2,Bacterial_reference,CG_ID,CG_Pairs,Replicate,Requested_Pool,column-10,column-11,column-12,Submitted_Sample_Loc,Sample_Loc_ReArr1,Sample_Loc_ReArr2,Final_Sample_Loc,column-17,LC process,column-19,Extractions_method,Quant_assay,NA_type,DNA_concentration,RNA_concentration,Ex_Plate_ID,Ex_Well_ID,column-27,LC_method,Read_pairing,Inline_Name,expbc,Pool_Number_Used,Pool_ID,Index2_seq,column-35,column-36,LC protocol,P7_Index_Code,P7_Seq,P5_Index_Code,P5_Seq,column-42,Initial_Ct,Barcode_Used,Rev_Comp_Barcode_Seq,column-46,Deviations
1,oprLKDv2_arab_0.5_water_P1_rep1,CGACTTGGT,GTGTAGAC,ACCTTGGC,NC_008463.1,,,,1,,,,#REF!,,,#REF!,,RtS,,,,,,,,,,RtS-TS,Paired,,,1,MOCP-0110p1,"MOCP-0110p1,",,,,,,,,,,,,,
2,oprLKDv2_arab_0.0625_water_P1_rep1,GTGGCTGCT,GTGTAGAC,ACCTTGGC,NC_008463.1,,,,1,,,,#REF!,,,#REF!,,RtS,,,,,,,,,,RtS-TS,Paired,,,1,MOCP-0110p1,"MOCP-0110p1,",,,,,,,,,,,,,
3,oprLKDv2_arab_0_water_P1_rep1,GCAGTTACT,GTGTAGAC,ACCTTGGC,NC_008463.1,,,,1,,,,#REF!,,,#REF!,,RtS,,,,,,,,,,RtS-TS,Paired,,,1,MOCP-0110p1,"MOCP-0110p1,",,,,,,,,,,,,,
4,oprLKDv2_arab_0.5_imi_P1_rep1,CACGATGAT,GTGTAGAC,ACCTTGGC,NC_008463.1,,,,1,,,,#REF!,,,#REF!,,RtS,,,,,,,,,,RtS-TS,Paired,,,1,MOCP-0110p1,"MOCP-0110p1,",,,,,,,,,,,,,
5,oprLKDv2_arab_0.5_water_P1_rep2,CGTGGTAAT,GTGTAGAC,ACCTTGGC,NC_008463.1,,,,1,,,,#REF!,,,#REF!,,RtS,,,,,,,,,,RtS-TS,Paired,,,1,MOCP-0110p1,"MOCP-0110p1,",,,,,,,,,,,,,
6,oprLKDv2_arab_0.0625_water_P1_rep2,ATAATTCTT,GTGTAGAC,ACCTTGGC,NC_008463.1,,,,1,,,,#REF!,,,#REF!,,RtS,,,,,,,,,,RtS-TS,Paired,,,1,MOCP-0110p1,"MOCP-0110p1,",,,,,,,,,,,,,
7,oprLKDv2_arab_0_water_P1_rep2,CTTGGGCCT,GTGTAGAC,ACCTTGGC,NC_008463.1,,,,1,,,,#REF!,,,#REF!,,RtS,,,,,,,,,,RtS-TS,Paired,,,1,MOCP-0110p1,"MOCP-0110p1,",,,,,,,,,,,,,
8,oprLKDv2_arab_0.5_imi_P1_rep2,ATGTTGTAT,GTGTAGAC,ACCTTGGC,NC_008463.1,,,,1,,,,#REF!,,,#REF!,,RtS,,,,,,,,,,RtS-TS,Paired,,,1,MOCP-0110p1,"MOCP-0110p1,",,,,,,,,,,,,,
9,oprLKDv2_arab_0.5_water_P1_rep3,CTGGTTCAT,GTGTAGAC,ACCTTGGC,NC_008463.1,,,,1,,,,#REF!,,,#REF!,,RtS,,,,,,,,,,RtS-TS,Paired,,,1,MOCP-0110p1,"MOCP-0110p1,",,,,,,,,,,,,,
10,oprLKDv2_arab_0.0625_water_P1_rep3,GTCCATATT,GTGTAGAC,ACCTTGGC,NC_008463.1,,,,1,,,,#REF!,,,#REF!,,RtS,,,,,,,,,,RtS-TS,Paired,,,1,MOCP-0110p1,"MOCP-0110p1,",,,,,,,,,,,,,
11,oprLKDv2_arab_0_water_P1_rep3,GCGAGTTGT,GTGTAGAC,ACCTTGGC,NC_008463.1,,,,1,,,,#REF!,,,#REF!,,RtS,,,,,,,,,,RtS-TS,Paired,,,1,MOCP-0110p1,"MOCP-0110p1,",,,,,,,,,,,,,
12,oprLKDv2_arab_0.5_imi_P1_rep3,GCCCTCCGT,GTGTAGAC,ACCTTGGC,NC_008463.1,,,,1,,,,#REF!,,,#REF!,,RtS,,,,,,,,,,RtS-TS,Paired,,,1,MOCP-0110p1,"MOCP-0110p1,",,,,,,,,,,,,,
13,PA14_arab_0.5_water_P1_rep1,AATAATGTT,GTGTAGAC,ACCTTGGC,NC_008463.1,,,,1,,,,#REF!,,,#REF!,,RtS,,,,,,,,,,RtS-TS,Paired,,,1,MOCP-0110p1,"MOCP-0110p1,",,,,,,,,,,,,,
14,PA14_arab_0.0625_water_P1_rep1,CAAGTGATT,GTGTAGAC,ACCTTGGC,NC_008463.1,,,,1,,,,#REF!,,,#REF!,,RtS,,,,,,,,,,RtS-TS,Paired,,,1,MOCP-0110p1,"MOCP-0110p1,",,,,,,,,,,,,,
15,PA14_arab_0_water_P1_rep1,AAGACGGGT,GTGTAGAC,ACCTTGGC,NC_008463.1,,,,1,,,,#REF!,,,#REF!,,RtS,,,,,,,,,,RtS-TS,Paired,,,1,MOCP-0110p1,"MOCP-0110p1,",,,,,,,,,,,,,
16,PA14_arab_0.5_imi_P1_rep1,GTACCGAGT,GTGTAGAC,ACCTTGGC,NC_008463.1,,,,1,,,,#REF!,,,#REF!,,RtS,,,,,,,,,,RtS-TS,Paired,,,1,MOCP-0110p1,"MOCP-0110p1,",,,,,,,,,,,,,
17,PA14_arab_0.5_water_P1_rep2,CGCCAGACT,GTGTAGAC,ACCTTGGC,NC_008463.1,,,,1,,,,#REF!,,,#REF!,,RtS,,,,,,,,,,RtS-TS,Paired,,,1,MOCP-0110p1,"MOCP-0110p1,",,,,,,,,,,,,,
18,PA14_arab_0.0625_water_P1_rep2,CCGCGGGAT,GTGTAGAC,ACCTTGGC,NC_008463.1,,,,1,,,,#REF!,,,#REF!,,RtS,,,,,,,,,,RtS-TS,Paired,,,1,MOCP-0110p1,"MOCP-0110p1,",,,,,,,,,,,,,
19,PA14_arab_0_water_P1_rep2,AAGTGCCGT,GTGTAGAC,ACCTTGGC,NC_008463.1,,,,1,,,,#REF!,,,#REF!,,RtS,,,,,,,,,,RtS-TS,Paired,,,1,MOCP-0110p1,"MOCP-0110p1,",,,,,,,,,,,,,
20,PA14_arab_0.5_imi_P1_rep2,ACAATCTCT,GTGTAGAC,ACCTTGGC,NC_008463.1,,,,1,,,,#REF!,,,#REF!,,RtS,,,,,,,,,,RtS-TS,Paired,,,1,MOCP-0110p1,"MOCP-0110p1,",,,,,,,,,,,,,
21,PA14_arab_0.5_water_P1_rep3,CATCTGTAT,GTGTAGAC,ACCTTGGC,NC_008463.1,,,,1,,,,#REF!,,,#REF!,,RtS,,,,,,,,,,RtS-TS,Paired,,,1,MOCP-0110p1,"MOCP-0110p1,",,,,,,,,,,,,,
22,PA14_arab_0.0625_water_P1_rep3,GTCTCCCAT,GTGTAGAC,ACCTTGGC,NC_008463.1,,,,1,,,,#REF!,,,#REF!,,RtS,,,,,,,,,,RtS-TS,Paired,,,1,MOCP-0110p1,"MOCP-0110p1,",,,,,,,,,,,,,
23,PA14_arab_0_water_P1_rep3,CTGTAGGGT,GTGTAGAC,ACCTTGGC,NC_008463.1,,,,1,,,,#REF!,,,#REF!,,RtS,,,,,,,,,,RtS-TS,Paired,,,1,MOCP-0110p1,"MOCP-0110p1,",,,,,,,,,,,,,
24,PA14_arab_0.5_imi_P1_rep3,AGTTAGAGT,GTGTAGAC,ACCTTGGC,NC_008463.1,,,,1,,,,#REF!,,,#REF!,,RtS,,,,,,,,,,RtS-TS,Paired,,,1,MOCP-0110p1,"MOCP-0110p1,",,,,,,,,,,,,,
25,oprLKDv2D12_arab_0.5_water_P1_rep1,CAACACTTT,GTTAATTG,ATATCTCG,NC_008463.1,,,,2,,,,#REF!,,,#REF!,,RtS,,,,,,,,,,RtS-TS,Paired,,,2,MOCP-0110p2,"MOCP-0110p2,",,,,,,,,,,,,,
26,oprLKDv2D12_arab_0.0625_water_P1_rep1,GATGGCTCT,GTTAATTG,ATATCTCG,NC_008463.1,,,,2,,,,#REF!,,,#REF!,,RtS,,,,,,,,,,RtS-TS,Paired,,,2,MOCP-0110p2,"MOCP-0110p2,",,,,,,,,,,,,,
27,oprLKDv2D12_arab_0_water_P1_rep1,AGAGGACCT,GTTAATTG,ATATCTCG,NC_008463.1,,,,2,,,,#REF!,,,#REF!,,RtS,,,,,,,,,,RtS-TS,Paired,,,2,MOCP-0110p2,"MOCP-0110p2,",,,,,,,,,,,,,
28,oprLKDv2_arab_0.0625_imi_P1_rep1,GGCCGGTAT,GTTAATTG,ATATCTCG,NC_008463.1,,,,2,,,,#REF!,,,#REF!,,RtS,,,,,,,,,,RtS-TS,Paired,,,2,MOCP-0110p2,"MOCP-0110p2,",,,,,,,,,,,,,
29,oprLKDv2D12_arab_0.5_water_P1_rep2,GCCGAGGGT,GTTAATTG,ATATCTCG,NC_008463.1,,,,2,,,,#REF!,,,#REF!,,RtS,,,,,,,,,,RtS-TS,Paired,,,2,MOCP-0110p2,"MOCP-0110p2,",,,,,,,,,,,,,
30,oprLKDv2D12_arab_0.0625_water_P1_rep2,CGATCCAGT,GTTAATTG,ATATCTCG,NC_008463.1,,,,2,,,,#REF!,,,#REF!,,RtS,,,,,,,,,,RtS-TS,Paired,,,2,MOCP-0110p2,"MOCP-0110p2,",,,,,,,,,,,,,
31,oprLKDv2D12_arab_0_water_P1_rep2,GTTAGAAAT,GTTAATTG,ATATCTCG,NC_008463.1,,,,2,,,,#REF!,,,#REF!,,RtS,,,,,,,,,,RtS-TS,Paired,,,2,MOCP-0110p2,"MOCP-0110p2,",,,,,,,,,,,,,
32,oprLKDv2_arab_0.0625_imi_P1_rep2,GGTACCGGT,GTTAATTG,ATATCTCG,NC_008463.1,,,,2,,,,#REF!,,,#REF!,,RtS,,,,,,,,,,RtS-TS,Paired,,,2,MOCP-0110p2,"MOCP-0110p2,",,,,,,,,,,,,,
33,oprLKDv2D12_arab_0.5_water_P1_rep3,TCGTCCGTT,GTTAATTG,ATATCTCG,NC_008463.1,,,,2,,,,#REF!,,,#REF!,,RtS,,,,,,,,,,RtS-TS,Paired,,,2,MOCP-0110p2,"MOCP-0110p2,",,,,,,,,,,,,,
34,oprLKDv2D12_arab_0.0625_water_P1_rep3,TGAATATTT,GTTAATTG,ATATCTCG,NC_008463.1,,,,2,,,,#REF!,,,#REF!,,RtS,,,,,,,,,,RtS-TS,Paired,,,2,MOCP-0110p2,"MOCP-0110p2,",,,,,,,,,,,,,
35,oprLKDv2D12_arab_0_water_P1_rep3,ATCTTTCCT,GTTAATTG,ATATCTCG,NC_008463.1,,,,2,,,,#REF!,,,#REF!,,RtS,,,,,,,,,,RtS-TS,Paired,,,2,MOCP-0110p2,"MOCP-0110p2,",,,,,,,,,,,,,
36,oprLKDv2_arab_0.0625_imi_P1_rep3,CCAGGAGTT,GTTAATTG,ATATCTCG,NC_008463.1,,,,2,,,,#REF!,,,#REF!,,RtS,,,,,,,,,,RtS-TS,Paired,,,2,MOCP-0110p2,"MOCP-0110p2,",,,,,,,,,,,,,
37,oprLKDv2E4_arab_0.5_water_P1_rep1,CGACTTGGT,GTTAATTG,ATATCTCG,NC_008463.1,,,,2,,,,#REF!,,,#REF!,,RtS,,,,,,,,,,RtS-TS,Paired,,,2,MOCP-0110p2,"MOCP-0110p2,",,,,,,,,,,,,,
38,oprLKDv2E4_arab_0.0625_water_P1_rep1,GTGGCTGCT,GTTAATTG,ATATCTCG,NC_008463.1,,,,2,,,,#REF!,,,#REF!,,RtS,,,,,,,,,,RtS-TS,Paired,,,2,MOCP-0110p2,"MOCP-0110p2,",,,,,,,,,,,,,
39,oprLKDv2E4_arab_0_water_P1_rep1,GCAGTTACT,GTTAATTG,ATATCTCG,NC_008463.1,,,,2,,,,#REF!,,,#REF!,,RtS,,,,,,,,,,RtS-TS,Paired,,,2,MOCP-0110p2,"MOCP-0110p2,",,,,,,,,,,,,,
40,PA14_arab_0.0625_imi_P1_rep1,CACGATGAT,GTTAATTG,ATATCTCG,NC_008463.1,,,,2,,,,#REF!,,,#REF!,,RtS,,,,,,,,,,RtS-TS,Paired,,,2,MOCP-0110p2,"MOCP-0110p2,",,,,,,,,,,,,,
41,oprLKDv2E4_arab_0.5_water_P1_rep2,CGTGGTAAT,GTTAATTG,ATATCTCG,NC_008463.1,,,,2,,,,#REF!,,,#REF!,,RtS,,,,,,,,,,RtS-TS,Paired,,,2,MOCP-0110p2,"MOCP-0110p2,",,,,,,,,,,,,,
42,oprLKDv2E4_arab_0.0625_water_P1_rep2,ATAATTCTT,GTTAATTG,ATATCTCG,NC_008463.1,,,,2,,,,#REF!,,,#REF!,,RtS,,,,,,,,,,RtS-TS,Paired,,,2,MOCP-0110p2,"MOCP-0110p2,",,,,,,,,,,,,,
43,oprLKDv2E4_arab_0_water_P1_rep2,CTTGGGCCT,GTTAATTG,ATATCTCG,NC_008463.1,,,,2,,,,#REF!,,,#REF!,,RtS,,,,,,,,,,RtS-TS,Paired,,,2,MOCP-0110p2,"MOCP-0110p2,",,,,,,,,,,,,,
44,PA14_arab_0.0625_imi_P1_rep2,ATGTTGTAT,GTTAATTG,ATATCTCG,NC_008463.1,,,,2,,,,#REF!,,,#REF!,,RtS,,,,,,,,,,RtS-TS,Paired,,,2,MOCP-0110p2,"MOCP-0110p2,",,,,,,,,,,,,,
45,oprLKDv2E4_arab_0.5_water_P1_rep3,CTGGTTCAT,GTTAATTG,ATATCTCG,NC_008463.1,,,,2,,,,#REF!,,,#REF!,,RtS,,,,,,,,,,RtS-TS,Paired,,,2,MOCP-0110p2,"MOCP-0110p2,",,,,,,,,,,,,,
46,oprLKDv2E4_arab_0.0625_water_P1_rep3,GTCCATATT,GTTAATTG,ATATCTCG,NC_008463.1,,,,2,,,,#REF!,,,#REF!,,RtS,,,,,,,,,,RtS-TS,Paired,,,2,MOCP-0110p2,"MOCP-0110p2,",,,,,,,,,,,,,
47,oprLKDv2E4_arab_0_water_P1_rep3,GCGAGTTGT,GTTAATTG,ATATCTCG,NC_008463.1,,,,2,,,,#REF!,,,#REF!,,RtS,,,,,,,,,,RtS-TS,Paired,,,2,MOCP-0110p2,"MOCP-0110p2,",,,,,,,,,,,,,
48,PA14_arab_0.0625_imi_P1_rep3,GCCCTCCGT,GTTAATTG,ATATCTCG,NC_008463.1,,,,2,,,,#REF!,,,#REF!,,RtS,,,,,,,,,,RtS-TS,Paired,,,2,MOCP-0110p2,"MOCP-0110p2,",,,,,,,,,,,,,
49,oprLKDv2C4_arab_0.5_water_P1_rep1,AATAATGTT,ACCGGCCA,GCGCTCTA,NC_008463.1,,,,3,,,,#REF!,,,#REF!,,RtS,,,,,,,,,,RtS-TS,Paired,,,3,MOCP-0110p3,"MOCP-0110p3,",,,,,,,,,,,,,
50,oprLKDv2C4_arab_0.0625_water_P1_rep1,CAAGTGATT,ACCGGCCA,GCGCTCTA,NC_008463.1,,,,3,,,,#REF!,,,#REF!,,RtS,,,,,,,,,,RtS-TS,Paired,,,3,MOCP-0110p3,"MOCP-0110p3,",,,,,,,,,,,,,
51,oprLKDv2C4_arab_0_water_P1_rep1,AAGACGGGT,ACCGGCCA,GCGCTCTA,NC_008463.1,,,,3,,,,#REF!,,,#REF!,,RtS,,,,,,,,,,RtS-TS,Paired,,,3,MOCP-0110p3,"MOCP-0110p3,",,,,,,,,,,,,,
52,oprLKDv1_arab_0.5_water_P1_rep1,GTACCGAGT,ACCGGCCA,GCGCTCTA,NC_008463.1,,,,3,,,,#REF!,,,#REF!,,RtS,,,,,,,,,,RtS-TS,Paired,,,3,MOCP-0110p3,"MOCP-0110p3,",,,,,,,,,,,,,
53,oprLKDv2C4_arab_0.5_water_P1_rep2,CGCCAGACT,ACCGGCCA,GCGCTCTA,NC_008463.1,,,,3,,,,#REF!,,,#REF!,,RtS,,,,,,,,,,RtS-TS,Paired,,,3,MOCP-0110p3,"MOCP-0110p3,",,,,,,,,,,,,,
54,oprLKDv2C4_arab_0.0625_water_P1_rep2,CCGCGGGAT,ACCGGCCA,GCGCTCTA,NC_008463.1,,,,3,,,,#REF!,,,#REF!,,RtS,,,,,,,,,,RtS-TS,Paired,,,3,MOCP-0110p3,"MOCP-0110p3,",,,,,,,,,,,,,
55,oprLKDv2C4_arab_0_water_P1_rep2,AAGTGCCGT,ACCGGCCA,GCGCTCTA,NC_008463.1,,,,3,,,,#REF!,,,#REF!,,RtS,,,,,,,,,,RtS-TS,Paired,,,3,MOCP-0110p3,"MOCP-0110p3,",,,,,,,,,,,,,
56,oprLKDv1_arab_0.5_water_P1_rep2,ACAATCTCT,ACCGGCCA,GCGCTCTA,NC_008463.1,,,,3,,,,#REF!,,,#REF!,,RtS,,,,,,,,,,RtS-TS,Paired,,,3,MOCP-0110p3,"MOCP-0110p3,",,,,,,,,,,,,,
57,oprLKDv2C4_arab_0.5_water_P1_rep3,CATCTGTAT,ACCGGCCA,GCGCTCTA,NC_008463.1,,,,3,,,,#REF!,,,#REF!,,RtS,,,,,,,,,,RtS-TS,Paired,,,3,MOCP-0110p3,"MOCP-0110p3,",,,,,,,,,,,,,
58,oprLKDv2C4_arab_0.0625_water_P1_rep3,GTCTCCCAT,ACCGGCCA,GCGCTCTA,NC_008463.1,,,,3,,,,#REF!,,,#REF!,,RtS,,,,,,,,,,RtS-TS,Paired,,,3,MOCP-0110p3,"MOCP-0110p3,",,,,,,,,,,,,,
59,oprLKDv2C4_arab_0_water_P1_rep3,CTGTAGGGT,ACCGGCCA,GCGCTCTA,NC_008463.1,,,,3,,,,#REF!,,,#REF!,,RtS,,,,,,,,,,RtS-TS,Paired,,,3,MOCP-0110p3,"MOCP-0110p3,",,,,,,,,,,,,,
60,oprLKDv1_arab_0.5_water_P1_rep3,AGTTAGAGT,ACCGGCCA,GCGCTCTA,NC_008463.1,,,,3,,,,#REF!,,,#REF!,,RtS,,,,,,,,,,RtS-TS,Paired,,,3,MOCP-0110p3,"MOCP-0110p3,",,,,,,,,,,,,,
61,oprLKDv2D10_arab_0.5_water_P1_rep1,CAACACTTT,ACCGGCCA,GCGCTCTA,NC_008463.1,,,,3,,,,#REF!,,,#REF!,,RtS,,,,,,,,,,RtS-TS,Paired,,,3,MOCP-0110p3,"MOCP-0110p3,",,,,,,,,,,,,,
62,oprLKDv2D10_arab_0.0625_water_P1_rep1,GATGGCTCT,ACCGGCCA,GCGCTCTA,NC_008463.1,,,,3,,,,#REF!,,,#REF!,,RtS,,,,,,,,,,RtS-TS,Paired,,,3,MOCP-0110p3,"MOCP-0110p3,",,,,,,,,,,,,,
63,oprLKDv2D10_arab_0_water_P1_rep1,AGAGGACCT,ACCGGCCA,GCGCTCTA,NC_008463.1,,,,3,,,,#REF!,,,#REF!,,RtS,,,,,,,,,,RtS-TS,Paired,,,3,MOCP-0110p3,"MOCP-0110p3,",,,,,,,,,,,,,
64,oprLKDv1_arab_0.0625_water_P1_rep1,GGCCGGTAT,ACCGGCCA,GCGCTCTA,NC_008463.1,,,,3,,,,#REF!,,,#REF!,,RtS,,,,,,,,,,RtS-TS,Paired,,,3,MOCP-0110p3,"MOCP-0110p3,",,,,,,,,,,,,,
65,oprLKDv2D10_arab_0.5_water_P1_rep2,GCCGAGGGT,ACCGGCCA,GCGCTCTA,NC_008463.1,,,,3,,,,#REF!,,,#REF!,,RtS,,,,,,,,,,RtS-TS,Paired,,,3,MOCP-0110p3,"MOCP-0110p3,",,,,,,,,,,,,,
66,oprLKDv2D10_arab_0.0625_water_P1_rep2,CGATCCAGT,ACCGGCCA,GCGCTCTA,NC_008463.1,,,,3,,,,#REF!,,,#REF!,,RtS,,,,,,,,,,RtS-TS,Paired,,,3,MOCP-0110p3,"MOCP-0110p3,",,,,,,,,,,,,,
67,oprLKDv2D10_arab_0_water_P1_rep2,GTTAGAAAT,ACCGGCCA,GCGCTCTA,NC_008463.1,,,,3,,,,#REF!,,,#REF!,,RtS,,,,,,,,,,RtS-TS,Paired,,,3,MOCP-0110p3,"MOCP-0110p3,",,,,,,,,,,,,,
68,oprLKDv1_arab_0.0625_water_P1_rep2,GGTACCGGT,ACCGGCCA,GCGCTCTA,NC_008463.1,,,,3,,,,#REF!,,,#REF!,,RtS,,,,,,,,,,RtS-TS,Paired,,,3,MOCP-0110p3,"MOCP-0110p3,",,,,,,,,,,,,,
69,oprLKDv2D10_arab_0.5_water_P1_rep3,TCGTCCGTT,ACCGGCCA,GCGCTCTA,NC_008463.1,,,,3,,,,#REF!,,,#REF!,,RtS,,,,,,,,,,RtS-TS,Paired,,,3,MOCP-0110p3,"MOCP-0110p3,",,,,,,,,,,,,,
70,oprLKDv2D10_arab_0.0625_water_P1_rep3,TGAATATTT,ACCGGCCA,GCGCTCTA,NC_008463.1,,,,3,,,,#REF!,,,#REF!,,RtS,,,,,,,,,,RtS-TS,Paired,,,3,MOCP-0110p3,"MOCP-0110p3,",,,,,,,,,,,,,
71,oprLKDv2D10_arab_0_water_P1_rep3,ATCTTTCCT,ACCGGCCA,GCGCTCTA,NC_008463.1,,,,3,,,,#REF!,,,#REF!,,RtS,,,,,,,,,,RtS-TS,Paired,,,3,MOCP-0110p3,"MOCP-0110p3,",,,,,,,,,,,,,
72,oprLKDv1_arab_0.0625_water_P1_rep3,CCAGGAGTT,ACCGGCCA,GCGCTCTA,NC_008463.1,,,,3,,,,#REF!,,,#REF!,,RtS,,,,,,,,,,RtS-TS,Paired,,,3,MOCP-0110p3,"MOCP-0110p3,",,,,,,,,,,,,,
73,oprLKDv2delctpA_arab_0.5_water_P1_rep1,CGACTTGGT,GGAGTACT,AACAGGTT,NC_008463.1,,,,4,,,,#REF!,,,#REF!,,RtS,,,,,,,,,,RtS-TS,Paired,,,4,MOCP-0110p4,"MOCP-0110p4,",,,,,,,,,,,,,
74,oprLKDv2delctpA_arab_0.0625_water_P1_rep1,GTGGCTGCT,GGAGTACT,AACAGGTT,NC_008463.1,,,,4,,,,#REF!,,,#REF!,,RtS,,,,,,,,,,RtS-TS,Paired,,,4,MOCP-0110p4,"MOCP-0110p4,",,,,,,,,,,,,,
75,oprLKDv2delctpA_arab_0_water_P1_rep1,GCAGTTACT,GGAGTACT,AACAGGTT,NC_008463.1,,,,4,,,,#REF!,,,#REF!,,RtS,,,,,,,,,,RtS-TS,Paired,,,4,MOCP-0110p4,"MOCP-0110p4,",,,,,,,,,,,,,
76,MWwt_arab_0_water_P1_rep1,CACGATGAT,GGAGTACT,AACAGGTT,NC_008463.1,,,,4,,,,#REF!,,,#REF!,,RtS,,,,,,,,,,RtS-TS,Paired,,,4,MOCP-0110p4,"MOCP-0110p4,",,,,,,,,,,,,,
77,oprLKDv2delctpA_arab_0.5_water_P1_rep2,CGTGGTAAT,GGAGTACT,AACAGGTT,NC_008463.1,,,,4,,,,#REF!,,,#REF!,,RtS,,,,,,,,,,RtS-TS,Paired,,,4,MOCP-0110p4,"MOCP-0110p4,",,,,,,,,,,,,,
78,oprLKDv2delctpA_arab_0.0625_water_P1_rep2,ATAATTCTT,GGAGTACT,AACAGGTT,NC_008463.1,,,,4,,,,#REF!,,,#REF!,,RtS,,,,,,,,,,RtS-TS,Paired,,,4,MOCP-0110p4,"MOCP-0110p4,",,,,,,,,,,,,,
79,oprLKDv2delctpA_arab_0_water_P1_rep2,CTTGGGCCT,GGAGTACT,AACAGGTT,NC_008463.1,,,,4,,,,#REF!,,,#REF!,,RtS,,,,,,,,,,RtS-TS,Paired,,,4,MOCP-0110p4,"MOCP-0110p4,",,,,,,,,,,,,,
80,MWwt_arab_0_water_P1_rep2,ATGTTGTAT,GGAGTACT,AACAGGTT,NC_008463.1,,,,4,,,,#REF!,,,#REF!,,RtS,,,,,,,,,,RtS-TS,Paired,,,4,MOCP-0110p4,"MOCP-0110p4,",,,,,,,,,,,,,
81,oprLKDv2delctpA_arab_0.5_water_P1_rep3,CTGGTTCAT,GGAGTACT,AACAGGTT,NC_008463.1,,,,4,,,,#REF!,,,#REF!,,RtS,,,,,,,,,,RtS-TS,Paired,,,4,MOCP-0110p4,"MOCP-0110p4,",,,,,,,,,,,,,
82,oprLKDv2delctpA_arab_0.0625_water_P1_rep3,GTCCATATT,GGAGTACT,AACAGGTT,NC_008463.1,,,,4,,,,#REF!,,,#REF!,,RtS,,,,,,,,,,RtS-TS,Paired,,,4,MOCP-0110p4,"MOCP-0110p4,",,,,,,,,,,,,,
83,oprLKDv2delctpA_arab_0_water_P1_rep3,GCGAGTTGT,GGAGTACT,AACAGGTT,NC_008463.1,,,,4,,,,#REF!,,,#REF!,,RtS,,,,,,,,,,RtS-TS,Paired,,,4,MOCP-0110p4,"MOCP-0110p4,",,,,,,,,,,,,,
84,MWwt_arab_0_water_P1_rep3,GCCCTCCGT,GGAGTACT,AACAGGTT,NC_008463.1,,,,4,,,,#REF!,,,#REF!,,RtS,,,,,,,,,,RtS-TS,Paired,,,4,MOCP-0110p4,"MOCP-0110p4,",,,,,,,,,,,,,
85,oprLKDv2noGmr_arab_0.5_water_P1_rep1,AATAATGTT,GGAGTACT,AACAGGTT,NC_008463.1,,,,4,,,,#REF!,,,#REF!,,RtS,,,,,,,,,,RtS-TS,Paired,,,4,MOCP-0110p4,"MOCP-0110p4,",,,,,,,,,,,,,
86,oprLKDv2noGmr_arab_0.0625_water_P1_rep1,CAAGTGATT,GGAGTACT,AACAGGTT,NC_008463.1,,,,4,,,,#REF!,,,#REF!,,RtS,,,,,,,,,,RtS-TS,Paired,,,4,MOCP-0110p4,"MOCP-0110p4,",,,,,,,,,,,,,
87,oprLKDv2noGmr_arab_0_water_P1_rep1,AAGACGGGT,GGAGTACT,AACAGGTT,NC_008463.1,,,,4,,,,#REF!,,,#REF!,,RtS,,,,,,,,,,RtS-TS,Paired,,,4,MOCP-0110p4,"MOCP-0110p4,",,,,,,,,,,,,,
88,E10B_arab_0_water_P1_rep1,GTACCGAGT,GGAGTACT,AACAGGTT,NC_008463.1,,,,4,,,,#REF!,,,#REF!,,RtS,,,,,,,,,,RtS-TS,Paired,,,4,MOCP-0110p4,"MOCP-0110p4,",,,,,,,,,,,,,
89,oprLKDv2noGmr_arab_0.5_water_P1_rep2,CGCCAGACT,GGAGTACT,AACAGGTT,NC_008463.1,,,,4,,,,#REF!,,,#REF!,,RtS,,,,,,,,,,RtS-TS,Paired,,,4,MOCP-0110p4,"MOCP-0110p4,",,,,,,,,,,,,,
90,oprLKDv2noGmr_arab_0.0625_water_P1_rep2,CCGCGGGAT,GGAGTACT,AACAGGTT,NC_008463.1,,,,4,,,,#REF!,,,#REF!,,RtS,,,,,,,,,,RtS-TS,Paired,,,4,MOCP-0110p4,"MOCP-0110p4,",,,,,,,,,,,,,
91,oprLKDv2noGmr_arab_0_water_P1_rep2,AAGTGCCGT,GGAGTACT,AACAGGTT,NC_008463.1,,,,4,,,,#REF!,,,#REF!,,RtS,,,,,,,,,,RtS-TS,Paired,,,4,MOCP-0110p4,"MOCP-0110p4,",,,,,,,,,,,,,
92,E10B_arab_0_water_P1_rep2,ACAATCTCT,GGAGTACT,AACAGGTT,NC_008463.1,,,,4,,,,#REF!,,,#REF!,,RtS,,,,,,,,,,RtS-TS,Paired,,,4,MOCP-0110p4,"MOCP-0110p4,",,,,,,,,,,,,,
93,oprLKDv2noGmr_arab_0.5_water_P1_rep3,CATCTGTAT,GGAGTACT,AACAGGTT,NC_008463.1,,,,4,,,,#REF!,,,#REF!,,RtS,,,,,,,,,,RtS-TS,Paired,,,4,MOCP-0110p4,"MOCP-0110p4,",,,,,,,,,,,,,
94,oprLKDv2noGmr_arab_0.0625_water_P1_rep3,GTCTCCCAT,GGAGTACT,AACAGGTT,NC_008463.1,,,,4,,,,#REF!,,,#REF!,,RtS,,,,,,,,,,RtS-TS,Paired,,,4,MOCP-0110p4,"MOCP-0110p4,",,,,,,,,,,,,,
95,oprLKDv2noGmr_arab_0_water_P1_rep3,CTGTAGGGT,GGAGTACT,AACAGGTT,NC_008463.1,,,,4,,,,#REF!,,,#REF!,,RtS,,,,,,,,,,RtS-TS,Paired,,,4,MOCP-0110p4,"MOCP-0110p4,",,,,,,,,,,,,,
96,E10B_arab_0_water_P1_rep3,AGTTAGAGT,GGAGTACT,AACAGGTT,NC_008463.1,,,,4,,,,#REF!,,,#REF!,,RtS,,,,,,,,,,RtS-TS,Paired,,,4,MOCP-0110p4,"MOCP-0110p4,",,,,,,,,,,,,,
97,PA14_Doxy_2X_P2_rep1,CGACTTGGT,GTCTCGCA,CAACAATG,NC_008463.1,,,,5,,,,#REF!,,,#REF!,,RtS,,,,,,,,,,RtS-TS,Paired,,,5,MOCP-0110p5,"MOCP-0110p5,",,,,,,,,,,,,,
98,PA14_Cipro_2X_P2_rep1,GTGGCTGCT,GTCTCGCA,CAACAATG,NC_008463.1,,,,5,,,,#REF!,,,#REF!,,RtS,,,,,,,,,,RtS-TS,Paired,,,5,MOCP-0110p5,"MOCP-0110p5,",,,,,,,,,,,,,
99,PA14_Fosmido_0.1X_P2_rep1,GCAGTTACT,GTCTCGCA,CAACAATG,NC_008463.1,,,,5,,,,#REF!,,,#REF!,,RtS,,,,,,,,,,RtS-TS,Paired,,,5,MOCP-0110p5,"MOCP-0110p5,",,,,,,,,,,,,,
100,PA14_water_0.5%_P2_rep1,CACGATGAT,GTCTCGCA,CAACAATG,NC_008463.1,,,,5,,,,#REF!,,,#REF!,,RtS,,,,,,,,,,RtS-TS,Paired,,,5,MOCP-0110p5,"MOCP-0110p5,",,,,,,,,,,,,,
101,lptEKD_POL7080_2X_P2_rep2,CGTGGTAAT,GTCTCGCA,CAACAATG,NC_008463.1,,,,5,,,,#REF!,,,#REF!,,RtS,,,,,,,,,,RtS-TS,Paired,,,5,MOCP-0110p5,"MOCP-0110p5,",,,,,,,,,,,,,
102,lptEKD_BRD5750_2X_P2_rep2,ATAATTCTT,GTCTCGCA,CAACAATG,NC_008463.1,,,,5,,,,#REF!,,,#REF!,,RtS,,,,,,,,,,RtS-TS,Paired,,,5,MOCP-0110p5,"MOCP-0110p5,",,,,,,,,,,,,,
103,lptEKD_dmso_0.5%_P2_rep2,CTTGGGCCT,GTCTCGCA,CAACAATG,NC_008463.1,,,,5,,,,#REF!,,,#REF!,,RtS,,,,,,,,,,RtS-TS,Paired,,,5,MOCP-0110p5,"MOCP-0110p5,",,,,,,,,,,,,,
104,lptEKD_BRD6387_1X_P2_rep2,ATGTTGTAT,GTCTCGCA,CAACAATG,NC_008463.1,,,,5,,,,#REF!,,,#REF!,,RtS,,,,,,,,,,RtS-TS,Paired,,,5,MOCP-0110p5,"MOCP-0110p5,",,,,,,,,,,,,,
105,lptEKD_Cipro_2X_P2_rep3,CTGGTTCAT,GTCTCGCA,CAACAATG,NC_008463.1,,,,5,,,,#REF!,,,#REF!,,RtS,,,,,,,,,,RtS-TS,Paired,,,5,MOCP-0110p5,"MOCP-0110p5,",,,,,,,,,,,,,
106,lptEKD_arab_0.5%_P2_rep3,GTCCATATT,GTCTCGCA,CAACAATG,NC_008463.1,,,,5,,,,#REF!,,,#REF!,,RtS,,,,,,,,,,RtS-TS,Paired,,,5,MOCP-0110p5,"MOCP-0110p5,",,,,,,,,,,,,,
107,lptEKD_Doxy_2X_P2_rep3,GCGAGTTGT,GTCTCGCA,CAACAATG,NC_008463.1,,,,5,,,,#REF!,,,#REF!,,RtS,,,,,,,,,,RtS-TS,Paired,,,5,MOCP-0110p5,"MOCP-0110p5,",,,,,,,,,,,,,
108,lptEKD_water_0.5%_P2_rep3,GCCCTCCGT,GTCTCGCA,CAACAATG,NC_008463.1,,,,5,,,,#REF!,,,#REF!,,RtS,,,,,,,,,,RtS-TS,Paired,,,5,MOCP-0110p5,"MOCP-0110p5,",,,,,,,,,,,,,
109,PA14_arab_0.5%_P2_rep1,AATAATGTT,GTCTCGCA,CAACAATG,NC_008463.1,,,,5,,,,#REF!,,,#REF!,,RtS,,,,,,,,,,RtS-TS,Paired,,,5,MOCP-0110p5,"MOCP-0110p5,",,,,,,,,,,,,,
110,PA14_Ami_2X_P2_rep1,CAAGTGATT,GTCTCGCA,CAACAATG,NC_008463.1,,,,5,,,,#REF!,,,#REF!,,RtS,,,,,,,,,,RtS-TS,Paired,,,5,MOCP-0110p5,"MOCP-0110p5,",,,,,,,,,,,,,
111,PA14_PA69180_0.1X_P2_rep1,AAGACGGGT,GTCTCGCA,CAACAATG,NC_008463.1,,,,5,,,,#REF!,,,#REF!,,RtS,,,,,,,,,,RtS-TS,Paired,,,5,MOCP-0110p5,"MOCP-0110p5,",,,,,,,,,,,,,
112,PA14_dmso_0.5%_P2_rep1,GTACCGAGT,GTCTCGCA,CAACAATG,NC_008463.1,,,,5,,,,#REF!,,,#REF!,,RtS,,,,,,,,,,RtS-TS,Paired,,,5,MOCP-0110p5,"MOCP-0110p5,",,,,,,,,,,,,,
113,PA14_Doxy_2X_P2_rep2,CGCCAGACT,GTCTCGCA,CAACAATG,NC_008463.1,,,,5,,,,#REF!,,,#REF!,,RtS,,,,,,,,,,RtS-TS,Paired,,,5,MOCP-0110p5,"MOCP-0110p5,",,,,,,,,,,,,,
114,PA14_Cipro_2X_P2_rep2,CCGCGGGAT,GTCTCGCA,CAACAATG,NC_008463.1,,,,5,,,,#REF!,,,#REF!,,RtS,,,,,,,,,,RtS-TS,Paired,,,5,MOCP-0110p5,"MOCP-0110p5,",,,,,,,,,,,,,
115,PA14_Fosmido_0.1X_P2_rep2,AAGTGCCGT,GTCTCGCA,CAACAATG,NC_008463.1,,,,5,,,,#REF!,,,#REF!,,RtS,,,,,,,,,,RtS-TS,Paired,,,5,MOCP-0110p5,"MOCP-0110p5,",,,,,,,,,,,,,
116,PA14_water_0.5%_P2_rep2,ACAATCTCT,GTCTCGCA,CAACAATG,NC_008463.1,,,,5,,,,#REF!,,,#REF!,,RtS,,,,,,,,,,RtS-TS,Paired,,,5,MOCP-0110p5,"MOCP-0110p5,",,,,,,,,,,,,,
117,lptEKD_POL7080_2X_P2_rep3,CATCTGTAT,GTCTCGCA,CAACAATG,NC_008463.1,,,,5,,,,#REF!,,,#REF!,,RtS,,,,,,,,,,RtS-TS,Paired,,,5,MOCP-0110p5,"MOCP-0110p5,",,,,,,,,,,,,,
118,lptEKD_BRD5750_2X_P2_rep3,GTCTCCCAT,GTCTCGCA,CAACAATG,NC_008463.1,,,,5,,,,#REF!,,,#REF!,,RtS,,,,,,,,,,RtS-TS,Paired,,,5,MOCP-0110p5,"MOCP-0110p5,",,,,,,,,,,,,,
119,lptEKD_dmso_0.5%_P2_rep3,CTGTAGGGT,GTCTCGCA,CAACAATG,NC_008463.1,,,,5,,,,#REF!,,,#REF!,,RtS,,,,,,,,,,RtS-TS,Paired,,,5,MOCP-0110p5,"MOCP-0110p5,",,,,,,,,,,,,,
120,lptEKD_BRD6387_1X_P2_rep3,AGTTAGAGT,GTCTCGCA,CAACAATG,NC_008463.1,,,,5,,,,#REF!,,,#REF!,,RtS,,,,,,,,,,RtS-TS,Paired,,,5,MOCP-0110p5,"MOCP-0110p5,",,,,,,,,,,,,,
121,PA14_A22_2X_P2_rep1,CAACACTTT,ACTCTATG,TGGTGGCA,NC_008463.1,,,,6,,,,#REF!,,,#REF!,,RtS,,,,,,,,,,RtS-TS,Paired,,,6,MOCP-0110p6,"MOCP-0110p6,",,,,,,,,,,,,,
122,PA14_BRD8672_0.1X_P2_rep1,GATGGCTCT,ACTCTATG,TGGTGGCA,NC_008463.1,,,,6,,,,#REF!,,,#REF!,,RtS,,,,,,,,,,RtS-TS,Paired,,,6,MOCP-0110p6,"MOCP-0110p6,",,,,,,,,,,,,,
123,PA14_BRD5750_2X_P2_rep1,AGAGGACCT,ACTCTATG,TGGTGGCA,NC_008463.1,,,,6,,,,#REF!,,,#REF!,,RtS,,,,,,,,,,RtS-TS,Paired,,,6,MOCP-0110p6,"MOCP-0110p6,",,,,,,,,,,,,,
124,PA14_POL7080_2X_P2_rep1,GGCCGGTAT,ACTCTATG,TGGTGGCA,NC_008463.1,,,,6,,,,#REF!,,,#REF!,,RtS,,,,,,,,,,RtS-TS,Paired,,,6,MOCP-0110p6,"MOCP-0110p6,",,,,,,,,,,,,,
125,PA14_arab_0.5%_P2_rep2,GCCGAGGGT,ACTCTATG,TGGTGGCA,NC_008463.1,,,,6,,,,#REF!,,,#REF!,,RtS,,,,,,,,,,RtS-TS,Paired,,,6,MOCP-0110p6,"MOCP-0110p6,",,,,,,,,,,,,,
126,PA14_Ami_2X_P2_rep2,CGATCCAGT,ACTCTATG,TGGTGGCA,NC_008463.1,,,,6,,,,#REF!,,,#REF!,,RtS,,,,,,,,,,RtS-TS,Paired,,,6,MOCP-0110p6,"MOCP-0110p6,",,,,,,,,,,,,,
127,PA14_PA69180_0.1X_P2_rep2,GTTAGAAAT,ACTCTATG,TGGTGGCA,NC_008463.1,,,,6,,,,#REF!,,,#REF!,,RtS,,,,,,,,,,RtS-TS,Paired,,,6,MOCP-0110p6,"MOCP-0110p6,",,,,,,,,,,,,,
128,PA14_dmso_0.5%_P2_rep2,GGTACCGGT,ACTCTATG,TGGTGGCA,NC_008463.1,,,,6,,,,#REF!,,,#REF!,,RtS,,,,,,,,,,RtS-TS,Paired,,,6,MOCP-0110p6,"MOCP-0110p6,",,,,,,,,,,,,,
129,PA14_Doxy_2X_P2_rep3,TCGTCCGTT,ACTCTATG,TGGTGGCA,NC_008463.1,,,,6,,,,#REF!,,,#REF!,,RtS,,,,,,,,,,RtS-TS,Paired,,,6,MOCP-0110p6,"MOCP-0110p6,",,,,,,,,,,,,,
130,PA14_Cipro_2X_P2_rep3,TGAATATTT,ACTCTATG,TGGTGGCA,NC_008463.1,,,,6,,,,#REF!,,,#REF!,,RtS,,,,,,,,,,RtS-TS,Paired,,,6,MOCP-0110p6,"MOCP-0110p6,",,,,,,,,,,,,,
131,PA14_Fosmido_0.1X_P2_rep3,ATCTTTCCT,ACTCTATG,TGGTGGCA,NC_008463.1,,,,6,,,,#REF!,,,#REF!,,RtS,,,,,,,,,,RtS-TS,Paired,,,6,MOCP-0110p6,"MOCP-0110p6,",,,,,,,,,,,,,
132,PA14_water_0.5%_P2_rep3,CCAGGAGTT,ACTCTATG,TGGTGGCA,NC_008463.1,,,,6,,,,#REF!,,,#REF!,,RtS,,,,,,,,,,RtS-TS,Paired,,,6,MOCP-0110p6,"MOCP-0110p6,",,,,,,,,,,,,,
133,oprLhypo_dmso_0.5%_P2_rep1,CGACTTGGT,ACTCTATG,TGGTGGCA,NC_008463.1,,,,6,,,,#REF!,,,#REF!,,RtS,,,,,,,,,,RtS-TS,Paired,,,6,MOCP-0110p6,"MOCP-0110p6,",,,,,,,,,,,,,
134,oprLhypo_PA69180_0.1X_P2_rep1,GTGGCTGCT,ACTCTATG,TGGTGGCA,NC_008463.1,,,,6,,,,#REF!,,,#REF!,,RtS,,,,,,,,,,RtS-TS,Paired,,,6,MOCP-0110p6,"MOCP-0110p6,",,,,,,,,,,,,,
135,oprLhypo_Cipro_2X_P2_rep1,GCAGTTACT,ACTCTATG,TGGTGGCA,NC_008463.1,,,,6,,,,#REF!,,,#REF!,,RtS,,,,,,,,,,RtS-TS,Paired,,,6,MOCP-0110p6,"MOCP-0110p6,",,,,,,,,,,,,,
136,oprLhypo_water_0.5%_P2_rep1,CACGATGAT,ACTCTATG,TGGTGGCA,NC_008463.1,,,,6,,,,#REF!,,,#REF!,,RtS,,,,,,,,,,RtS-TS,Paired,,,6,MOCP-0110p6,"MOCP-0110p6,",,,,,,,,,,,,,
137,PA14_A22_2X_P2_rep2,CGTGGTAAT,ACTCTATG,TGGTGGCA,NC_008463.1,,,,6,,,,#REF!,,,#REF!,,RtS,,,,,,,,,,RtS-TS,Paired,,,6,MOCP-0110p6,"MOCP-0110p6,",,,,,,,,,,,,,
138,PA14_BRD8672_0.1X_P2_rep2,ATAATTCTT,ACTCTATG,TGGTGGCA,NC_008463.1,,,,6,,,,#REF!,,,#REF!,,RtS,,,,,,,,,,RtS-TS,Paired,,,6,MOCP-0110p6,"MOCP-0110p6,",,,,,,,,,,,,,
139,PA14_BRD5750_2X_P2_rep2,CTTGGGCCT,ACTCTATG,TGGTGGCA,NC_008463.1,,,,6,,,,#REF!,,,#REF!,,RtS,,,,,,,,,,RtS-TS,Paired,,,6,MOCP-0110p6,"MOCP-0110p6,",,,,,,,,,,,,,
140,PA14_POL7080_2X_P2_rep2,ATGTTGTAT,ACTCTATG,TGGTGGCA,NC_008463.1,,,,6,,,,#REF!,,,#REF!,,RtS,,,,,,,,,,RtS-TS,Paired,,,6,MOCP-0110p6,"MOCP-0110p6,",,,,,,,,,,,,,
141,PA14_arab_0.5%_P2_rep3,CTGGTTCAT,ACTCTATG,TGGTGGCA,NC_008463.1,,,,6,,,,#REF!,,,#REF!,,RtS,,,,,,,,,,RtS-TS,Paired,,,6,MOCP-0110p6,"MOCP-0110p6,",,,,,,,,,,,,,
142,PA14_Ami_2X_P2_rep3,GTCCATATT,ACTCTATG,TGGTGGCA,NC_008463.1,,,,6,,,,#REF!,,,#REF!,,RtS,,,,,,,,,,RtS-TS,Paired,,,6,MOCP-0110p6,"MOCP-0110p6,",,,,,,,,,,,,,
143,PA14_PA69180_0.1X_P2_rep3,GCGAGTTGT,ACTCTATG,TGGTGGCA,NC_008463.1,,,,6,,,,#REF!,,,#REF!,,RtS,,,,,,,,,,RtS-TS,Paired,,,6,MOCP-0110p6,"MOCP-0110p6,",,,,,,,,,,,,,
144,PA14_dmso_0.5%_P2_rep3,GCCCTCCGT,ACTCTATG,TGGTGGCA,NC_008463.1,,,,6,,,,#REF!,,,#REF!,,RtS,,,,,,,,,,RtS-TS,Paired,,,6,MOCP-0110p6,"MOCP-0110p6,",,,,,,,,,,,,,
145,dxrKD_water_0.5%_P2_rep1,AATAATGTT,GCGCCTGT,AGGCAGAG,NC_008463.1,,,,7,,,,#REF!,,,#REF!,,RtS,,,,,,,,,,RtS-TS,Paired,,,7,MOCP-0110p7,"MOCP-0110p7,",,,,,,,,,,,,,
146,dxrKD_Fosmido_0.1X_P2_rep1,CAAGTGATT,GCGCCTGT,AGGCAGAG,NC_008463.1,,,,7,,,,#REF!,,,#REF!,,RtS,,,,,,,,,,RtS-TS,Paired,,,7,MOCP-0110p7,"MOCP-0110p7,",,,,,,,,,,,,,
147,dxrKD_Cipro_2X_P2_rep1,AAGACGGGT,GCGCCTGT,AGGCAGAG,NC_008463.1,,,,7,,,,#REF!,,,#REF!,,RtS,,,,,,,,,,RtS-TS,Paired,,,7,MOCP-0110p7,"MOCP-0110p7,",,,,,,,,,,,,,
148,dxrKD_Doxy_2X_P2_rep1,GTACCGAGT,GCGCCTGT,AGGCAGAG,NC_008463.1,,,,7,,,,#REF!,,,#REF!,,RtS,,,,,,,,,,RtS-TS,Paired,,,7,MOCP-0110p7,"MOCP-0110p7,",,,,,,,,,,,,,
149,oprLhypo_dmso_0.5%_P2_rep2,CGCCAGACT,GCGCCTGT,AGGCAGAG,NC_008463.1,,,,7,,,,#REF!,,,#REF!,,RtS,,,,,,,,,,RtS-TS,Paired,,,7,MOCP-0110p7,"MOCP-0110p7,",,,,,,,,,,,,,
150,oprLhypo_PA69180_0.1X_P2_rep2,CCGCGGGAT,GCGCCTGT,AGGCAGAG,NC_008463.1,,,,7,,,,#REF!,,,#REF!,,RtS,,,,,,,,,,RtS-TS,Paired,,,7,MOCP-0110p7,"MOCP-0110p7,",,,,,,,,,,,,,
151,oprLhypo_Cipro_2X_P2_rep2,AAGTGCCGT,GCGCCTGT,AGGCAGAG,NC_008463.1,,,,7,,,,#REF!,,,#REF!,,RtS,,,,,,,,,,RtS-TS,Paired,,,7,MOCP-0110p7,"MOCP-0110p7,",,,,,,,,,,,,,
152,oprLhypo_water_0.5%_P2_rep2,ACAATCTCT,GCGCCTGT,AGGCAGAG,NC_008463.1,,,,7,,,,#REF!,,,#REF!,,RtS,,,,,,,,,,RtS-TS,Paired,,,7,MOCP-0110p7,"MOCP-0110p7,",,,,,,,,,,,,,
153,PA14_A22_2X_P2_rep3,CATCTGTAT,GCGCCTGT,AGGCAGAG,NC_008463.1,,,,7,,,,#REF!,,,#REF!,,RtS,,,,,,,,,,RtS-TS,Paired,,,7,MOCP-0110p7,"MOCP-0110p7,",,,,,,,,,,,,,
154,PA14_BRD8672_0.1X_P2_rep3,GTCTCCCAT,GCGCCTGT,AGGCAGAG,NC_008463.1,,,,7,,,,#REF!,,,#REF!,,RtS,,,,,,,,,,RtS-TS,Paired,,,7,MOCP-0110p7,"MOCP-0110p7,",,,,,,,,,,,,,
155,PA14_BRD5750_2X_P2_rep3,CTGTAGGGT,GCGCCTGT,AGGCAGAG,NC_008463.1,,,,7,,,,#REF!,,,#REF!,,RtS,,,,,,,,,,RtS-TS,Paired,,,7,MOCP-0110p7,"MOCP-0110p7,",,,,,,,,,,,,,
156,PA14_POL7080_2X_P2_rep3,AGTTAGAGT,GCGCCTGT,AGGCAGAG,NC_008463.1,,,,7,,,,#REF!,,,#REF!,,RtS,,,,,,,,,,RtS-TS,Paired,,,7,MOCP-0110p7,"MOCP-0110p7,",,,,,,,,,,,,,
157,dxrKD_BRD8672_0.1X_P2_rep1,CAACACTTT,GCGCCTGT,AGGCAGAG,NC_008463.1,,,,7,,,,#REF!,,,#REF!,,RtS,,,,,,,,,,RtS-TS,Paired,,,7,MOCP-0110p7,"MOCP-0110p7,",,,,,,,,,,,,,
158,dxrKD_dmso_0.5%_P2_rep1,GATGGCTCT,GCGCCTGT,AGGCAGAG,NC_008463.1,,,,7,,,,#REF!,,,#REF!,,RtS,,,,,,,,,,RtS-TS,Paired,,,7,MOCP-0110p7,"MOCP-0110p7,",,,,,,,,,,,,,
159,dxrKD_arab_0.5%_P2_rep1,AGAGGACCT,GCGCCTGT,AGGCAGAG,NC_008463.1,,,,7,,,,#REF!,,,#REF!,,RtS,,,,,,,,,,RtS-TS,Paired,,,7,MOCP-0110p7,"MOCP-0110p7,",,,,,,,,,,,,,
160,dxrKD_BRD0277_0.1X_P2_rep1,GGCCGGTAT,GCGCCTGT,AGGCAGAG,NC_008463.1,,,,7,,,,#REF!,,,#REF!,,RtS,,,,,,,,,,RtS-TS,Paired,,,7,MOCP-0110p7,"MOCP-0110p7,",,,,,,,,,,,,,
161,dxrKD_water_0.5%_P2_rep2,GCCGAGGGT,GCGCCTGT,AGGCAGAG,NC_008463.1,,,,7,,,,#REF!,,,#REF!,,RtS,,,,,,,,,,RtS-TS,Paired,,,7,MOCP-0110p7,"MOCP-0110p7,",,,,,,,,,,,,,
162,dxrKD_Fosmido_0.1X_P2_rep2,CGATCCAGT,GCGCCTGT,AGGCAGAG,NC_008463.1,,,,7,,,,#REF!,,,#REF!,,RtS,,,,,,,,,,RtS-TS,Paired,,,7,MOCP-0110p7,"MOCP-0110p7,",,,,,,,,,,,,,
163,dxrKD_Cipro_2X_P2_rep2,GTTAGAAAT,GCGCCTGT,AGGCAGAG,NC_008463.1,,,,7,,,,#REF!,,,#REF!,,RtS,,,,,,,,,,RtS-TS,Paired,,,7,MOCP-0110p7,"MOCP-0110p7,",,,,,,,,,,,,,
164,dxrKD_Doxy_2X_P2_rep2,GGTACCGGT,GCGCCTGT,AGGCAGAG,NC_008463.1,,,,7,,,,#REF!,,,#REF!,,RtS,,,,,,,,,,RtS-TS,Paired,,,7,MOCP-0110p7,"MOCP-0110p7,",,,,,,,,,,,,,
165,oprLhypo_dmso_0.5%_P2_rep3,TCGTCCGTT,GCGCCTGT,AGGCAGAG,NC_008463.1,,,,7,,,,#REF!,,,#REF!,,RtS,,,,,,,,,,RtS-TS,Paired,,,7,MOCP-0110p7,"MOCP-0110p7,",,,,,,,,,,,,,
166,oprLhypo_PA69180_0.1X_P2_rep3,TGAATATTT,GCGCCTGT,AGGCAGAG,NC_008463.1,,,,7,,,,#REF!,,,#REF!,,RtS,,,,,,,,,,RtS-TS,Paired,,,7,MOCP-0110p7,"MOCP-0110p7,",,,,,,,,,,,,,
167,oprLhypo_Cipro_2X_P2_rep3,ATCTTTCCT,GCGCCTGT,AGGCAGAG,NC_008463.1,,,,7,,,,#REF!,,,#REF!,,RtS,,,,,,,,,,RtS-TS,Paired,,,7,MOCP-0110p7,"MOCP-0110p7,",,,,,,,,,,,,,
168,oprLhypo_water_0.5%_P2_rep3,CCAGGAGTT,GCGCCTGT,AGGCAGAG,NC_008463.1,,,,7,,,,#REF!,,,#REF!,,RtS,,,,,,,,,,RtS-TS,Paired,,,7,MOCP-0110p7,"MOCP-0110p7,",,,,,,,,,,,,,
169,lptEKD_Cipro_2X_P2_rep1,CGACTTGGT,ATATTCAC,GAATGAGA,NC_008463.1,,,,8,,,,#REF!,,,#REF!,,RtS,,,,,,,,,,RtS-TS,Paired,,,8,MOCP-0110p8,"MOCP-0110p8,",,,,,,,,,,,,,
170,lptEKD_arab_0.5%_P2_rep1,GTGGCTGCT,ATATTCAC,GAATGAGA,NC_008463.1,,,,8,,,,#REF!,,,#REF!,,RtS,,,,,,,,,,RtS-TS,Paired,,,8,MOCP-0110p8,"MOCP-0110p8,",,,,,,,,,,,,,
171,lptEKD_Doxy_2X_P2_rep1,GCAGTTACT,ATATTCAC,GAATGAGA,NC_008463.1,,,,8,,,,#REF!,,,#REF!,,RtS,,,,,,,,,,RtS-TS,Paired,,,8,MOCP-0110p8,"MOCP-0110p8,",,,,,,,,,,,,,
172,lptEKD_water_0.5%_P2_rep1,CACGATGAT,ATATTCAC,GAATGAGA,NC_008463.1,,,,8,,,,#REF!,,,#REF!,,RtS,,,,,,,,,,RtS-TS,Paired,,,8,MOCP-0110p8,"MOCP-0110p8,",,,,,,,,,,,,,
173,dxrKD_BRD8672_0.1X_P2_rep2,CGTGGTAAT,ATATTCAC,GAATGAGA,NC_008463.1,,,,8,,,,#REF!,,,#REF!,,RtS,,,,,,,,,,RtS-TS,Paired,,,8,MOCP-0110p8,"MOCP-0110p8,",,,,,,,,,,,,,
174,dxrKD_dmso_0.5%_P2_rep2,ATAATTCTT,ATATTCAC,GAATGAGA,NC_008463.1,,,,8,,,,#REF!,,,#REF!,,RtS,,,,,,,,,,RtS-TS,Paired,,,8,MOCP-0110p8,"MOCP-0110p8,",,,,,,,,,,,,,
175,dxrKD_arab_0.5%_P2_rep2,CTTGGGCCT,ATATTCAC,GAATGAGA,NC_008463.1,,,,8,,,,#REF!,,,#REF!,,RtS,,,,,,,,,,RtS-TS,Paired,,,8,MOCP-0110p8,"MOCP-0110p8,",,,,,,,,,,,,,
176,dxrKD_BRD0277_0.1X_P2_rep2,ATGTTGTAT,ATATTCAC,GAATGAGA,NC_008463.1,,,,8,,,,#REF!,,,#REF!,,RtS,,,,,,,,,,RtS-TS,Paired,,,8,MOCP-0110p8,"MOCP-0110p8,",,,,,,,,,,,,,
177,dxrKD_water_0.5%_P2_rep3,CTGGTTCAT,ATATTCAC,GAATGAGA,NC_008463.1,,,,8,,,,#REF!,,,#REF!,,RtS,,,,,,,,,,RtS-TS,Paired,,,8,MOCP-0110p8,"MOCP-0110p8,",,,,,,,,,,,,,
178,dxrKD_Fosmido_0.1X_P2_rep3,GTCCATATT,ATATTCAC,GAATGAGA,NC_008463.1,,,,8,,,,#REF!,,,#REF!,,RtS,,,,,,,,,,RtS-TS,Paired,,,8,MOCP-0110p8,"MOCP-0110p8,",,,,,,,,,,,,,
179,dxrKD_Cipro_2X_P2_rep3,GCGAGTTGT,ATATTCAC,GAATGAGA,NC_008463.1,,,,8,,,,#REF!,,,#REF!,,RtS,,,,,,,,,,RtS-TS,Paired,,,8,MOCP-0110p8,"MOCP-0110p8,",,,,,,,,,,,,,
180,dxrKD_Doxy_2X_P2_rep3,GCCCTCCGT,ATATTCAC,GAATGAGA,NC_008463.1,,,,8,,,,#REF!,,,#REF!,,RtS,,,,,,,,,,RtS-TS,Paired,,,8,MOCP-0110p8,"MOCP-0110p8,",,,,,,,,,,,,,
181,lptEKD_POL7080_2X_P2_rep1,AATAATGTT,ATATTCAC,GAATGAGA,NC_008463.1,,,,8,,,,#REF!,,,#REF!,,RtS,,,,,,,,,,RtS-TS,Paired,,,8,MOCP-0110p8,"MOCP-0110p8,",,,,,,,,,,,,,
182,lptEKD_BRD5750_2X_P2_rep1,CAAGTGATT,ATATTCAC,GAATGAGA,NC_008463.1,,,,8,,,,#REF!,,,#REF!,,RtS,,,,,,,,,,RtS-TS,Paired,,,8,MOCP-0110p8,"MOCP-0110p8,",,,,,,,,,,,,,
183,lptEKD_dmso_0.5%_P2_rep1,AAGACGGGT,ATATTCAC,GAATGAGA,NC_008463.1,,,,8,,,,#REF!,,,#REF!,,RtS,,,,,,,,,,RtS-TS,Paired,,,8,MOCP-0110p8,"MOCP-0110p8,",,,,,,,,,,,,,
184,lptEKD_BRD6387_1X_P2_rep1,GTACCGAGT,ATATTCAC,GAATGAGA,NC_008463.1,,,,8,,,,#REF!,,,#REF!,,RtS,,,,,,,,,,RtS-TS,Paired,,,8,MOCP-0110p8,"MOCP-0110p8,",,,,,,,,,,,,,
185,lptEKD_Cipro_2X_P2_rep2,CGCCAGACT,ATATTCAC,GAATGAGA,NC_008463.1,,,,8,,,,#REF!,,,#REF!,,RtS,,,,,,,,,,RtS-TS,Paired,,,8,MOCP-0110p8,"MOCP-0110p8,",,,,,,,,,,,,,
186,lptEKD_arab_0.5%_P2_rep2,CCGCGGGAT,ATATTCAC,GAATGAGA,NC_008463.1,,,,8,,,,#REF!,,,#REF!,,RtS,,,,,,,,,,RtS-TS,Paired,,,8,MOCP-0110p8,"MOCP-0110p8,",,,,,,,,,,,,,
187,lptEKD_Doxy_2X_P2_rep2,AAGTGCCGT,ATATTCAC,GAATGAGA,NC_008463.1,,,,8,,,,#REF!,,,#REF!,,RtS,,,,,,,,,,RtS-TS,Paired,,,8,MOCP-0110p8,"MOCP-0110p8,",,,,,,,,,,,,,
188,lptEKD_water_0.5%_P2_rep2,ACAATCTCT,ATATTCAC,GAATGAGA,NC_008463.1,,,,8,,,,#REF!,,,#REF!,,RtS,,,,,,,,,,RtS-TS,Paired,,,8,MOCP-0110p8,"MOCP-0110p8,",,,,,,,,,,,,,
189,dxrKD_BRD8672_0.1X_P2_rep3,CATCTGTAT,ATATTCAC,GAATGAGA,NC_008463.1,,,,8,,,,#REF!,,,#REF!,,RtS,,,,,,,,,,RtS-TS,Paired,,,8,MOCP-0110p8,"MOCP-0110p8,",,,,,,,,,,,,,
190,dxrKD_dmso_0.5%_P2_rep3,GTCTCCCAT,ATATTCAC,GAATGAGA,NC_008463.1,,,,8,,,,#REF!,,,#REF!,,RtS,,,,,,,,,,RtS-TS,Paired,,,8,MOCP-0110p8,"MOCP-0110p8,",,,,,,,,,,,,,
191,dxrKD_arab_0.5%_P2_rep3,CTGTAGGGT,ATATTCAC,GAATGAGA,NC_008463.1,,,,8,,,,#REF!,,,#REF!,,RtS,,,,,,,,,,RtS-TS,Paired,,,8,MOCP-0110p8,"MOCP-0110p8,",,,,,,,,,,,,,
192,dxrKD_BRD0277_0.1X_P2_rep3,AGTTAGAGT,ATATTCAC,GAATGAGA,NC_008463.1,,,,8,,,,#REF!,,,#REF!,,RtS,,,,,,,,,,RtS-TS,Paired,,,8,MOCP-0110p8,"MOCP-0110p8,",,,,,,,,,,,,,
193,PA14_Doxy_0.5X_P3_rep1,CGACTTGGT,#N/A,#N/A,NC_008463.1,,,,9,,,,#REF!,,,#REF!,,RtS,,,,,,,,,,RtS-TS,Paired,,,9,MOCP-0110p9,"MOCP-0110p9,",,,,,,,,,,,,,
194,PA14_Cipro_0.5X_P3_rep1,GTGGCTGCT,#N/A,#N/A,NC_008463.1,,,,9,,,,#REF!,,,#REF!,,RtS,,,,,,,,,,RtS-TS,Paired,,,9,MOCP-0110p9,"MOCP-0110p9,",,,,,,,,,,,,,
195,PA14_Fosmido_0.05X_P3_rep1,GCAGTTACT,#N/A,#N/A,NC_008463.1,,,,9,,,,#REF!,,,#REF!,,RtS,,,,,,,,,,RtS-TS,Paired,,,9,MOCP-0110p9,"MOCP-0110p9,",,,,,,,,,,,,,
196,PA14_water_0.5%_P3_rep1,CACGATGAT,#N/A,#N/A,NC_008463.1,,,,9,,,,#REF!,,,#REF!,,RtS,,,,,,,,,,RtS-TS,Paired,,,9,MOCP-0110p9,"MOCP-0110p9,",,,,,,,,,,,,,
197,lptEKD_POL7080_0.5X_P3_rep2,CGTGGTAAT,#N/A,#N/A,NC_008463.1,,,,9,,,,#REF!,,,#REF!,,RtS,,,,,,,,,,RtS-TS,Paired,,,9,MOCP-0110p9,"MOCP-0110p9,",,,,,,,,,,,,,
198,lptEKD_BRD5750_0.5X_P3_rep2,ATAATTCTT,#N/A,#N/A,NC_008463.1,,,,9,,,,#REF!,,,#REF!,,RtS,,,,,,,,,,RtS-TS,Paired,,,9,MOCP-0110p9,"MOCP-0110p9,",,,,,,,,,,,,,
199,lptEKD_dmso_0.5%_P3_rep2,CTTGGGCCT,#N/A,#N/A,NC_008463.1,,,,9,,,,#REF!,,,#REF!,,RtS,,,,,,,,,,RtS-TS,Paired,,,9,MOCP-0110p9,"MOCP-0110p9,",,,,,,,,,,,,,
200,lptEKD_BRD6387_1X_P3_rep2,ATGTTGTAT,#N/A,#N/A,NC_008463.1,,,,9,,,,#REF!,,,#REF!,,RtS,,,,,,,,,,RtS-TS,Paired,,,9,MOCP-0110p9,"MOCP-0110p9,",,,,,,,,,,,,,
201,lptEKD_Cipro_0.5X_P3_rep3,CTGGTTCAT,#N/A,#N/A,NC_008463.1,,,,9,,,,#REF!,,,#REF!,,RtS,,,,,,,,,,RtS-TS,Paired,,,9,MOCP-0110p9,"MOCP-0110p9,",,,,,,,,,,,,,
202,lptEKD_arab_0.125%_P3_rep3,GTCCATATT,#N/A,#N/A,NC_008463.1,,,,9,,,,#REF!,,,#REF!,,RtS,,,,,,,,,,RtS-TS,Paired,,,9,MOCP-0110p9,"MOCP-0110p9,",,,,,,,,,,,,,
203,lptEKD_Doxy_0.5X_P3_rep3,GCGAGTTGT,#N/A,#N/A,NC_008463.1,,,,9,,,,#REF!,,,#REF!,,RtS,,,,,,,,,,RtS-TS,Paired,,,9,MOCP-0110p9,"MOCP-0110p9,",,,,,,,,,,,,,
204,lptEKD_water_0.5%_P3_rep3,GCCCTCCGT,#N/A,#N/A,NC_008463.1,,,,9,,,,#REF!,,,#REF!,,RtS,,,,,,,,,,RtS-TS,Paired,,,9,MOCP-0110p9,"MOCP-0110p9,",,,,,,,,,,,,,
205,PA14_arab_0.125%_P3_rep1,AATAATGTT,#N/A,#N/A,NC_008463.1,,,,9,,,,#REF!,,,#REF!,,RtS,,,,,,,,,,RtS-TS,Paired,,,9,MOCP-0110p9,"MOCP-0110p9,",,,,,,,,,,,,,
206,PA14_Ami_0.5X_P3_rep1,CAAGTGATT,#N/A,#N/A,NC_008463.1,,,,9,,,,#REF!,,,#REF!,,RtS,,,,,,,,,,RtS-TS,Paired,,,9,MOCP-0110p9,"MOCP-0110p9,",,,,,,,,,,,,,
207,PA14_PA69180_0.05X_P3_rep1,AAGACGGGT,#N/A,#N/A,NC_008463.1,,,,9,,,,#REF!,,,#REF!,,RtS,,,,,,,,,,RtS-TS,Paired,,,9,MOCP-0110p9,"MOCP-0110p9,",,,,,,,,,,,,,
208,PA14_dmso_0.5%_P3_rep1,GTACCGAGT,#N/A,#N/A,NC_008463.1,,,,9,,,,#REF!,,,#REF!,,RtS,,,,,,,,,,RtS-TS,Paired,,,9,MOCP-0110p9,"MOCP-0110p9,",,,,,,,,,,,,,
209,PA14_Doxy_0.5X_P3_rep2,CGCCAGACT,#N/A,#N/A,NC_008463.1,,,,9,,,,#REF!,,,#REF!,,RtS,,,,,,,,,,RtS-TS,Paired,,,9,MOCP-0110p9,"MOCP-0110p9,",,,,,,,,,,,,,
210,PA14_Cipro_0.5X_P3_rep2,CCGCGGGAT,#N/A,#N/A,NC_008463.1,,,,9,,,,#REF!,,,#REF!,,RtS,,,,,,,,,,RtS-TS,Paired,,,9,MOCP-0110p9,"MOCP-0110p9,",,,,,,,,,,,,,
211,PA14_Fosmido_0.05X_P3_rep2,AAGTGCCGT,#N/A,#N/A,NC_008463.1,,,,9,,,,#REF!,,,#REF!,,RtS,,,,,,,,,,RtS-TS,Paired,,,9,MOCP-0110p9,"MOCP-0110p9,",,,,,,,,,,,,,
212,PA14_water_0.5%_P3_rep2,ACAATCTCT,#N/A,#N/A,NC_008463.1,,,,9,,,,#REF!,,,#REF!,,RtS,,,,,,,,,,RtS-TS,Paired,,,9,MOCP-0110p9,"MOCP-0110p9,",,,,,,,,,,,,,
213,lptEKD_POL7080_0.5X_P3_rep3,CATCTGTAT,#N/A,#N/A,NC_008463.1,,,,9,,,,#REF!,,,#REF!,,RtS,,,,,,,,,,RtS-TS,Paired,,,9,MOCP-0110p9,"MOCP-0110p9,",,,,,,,,,,,,,
214,lptEKD_BRD5750_0.5X_P3_rep3,GTCTCCCAT,#N/A,#N/A,NC_008463.1,,,,9,,,,#REF!,,,#REF!,,RtS,,,,,,,,,,RtS-TS,Paired,,,9,MOCP-0110p9,"MOCP-0110p9,",,,,,,,,,,,,,
215,lptEKD_dmso_0.5%_P3_rep3,CTGTAGGGT,#N/A,#N/A,NC_008463.1,,,,9,,,,#REF!,,,#REF!,,RtS,,,,,,,,,,RtS-TS,Paired,,,9,MOCP-0110p9,"MOCP-0110p9,",,,,,,,,,,,,,
216,lptEKD_BRD6387_1X_P3_rep3,AGTTAGAGT,#N/A,#N/A,NC_008463.1,,,,9,,,,#REF!,,,#REF!,,RtS,,,,,,,,,,RtS-TS,Paired,,,9,MOCP-0110p9,"MOCP-0110p9,",,,,,,,,,,,,,
217,PA14_A22_0.5X_P3_rep1,CAACACTTT,CTACAGTT,TGCGGCGT,NC_008463.1,,,,10,,,,#REF!,,,#REF!,,RtS,,,,,,,,,,RtS-TS,Paired,,,10,MOCP-0110p10,"MOCP-0110p10,",,,,,,,,,,,,,
218,PA14_BRD8672_0.05X_P3_rep1,GATGGCTCT,CTACAGTT,TGCGGCGT,NC_008463.1,,,,10,,,,#REF!,,,#REF!,,RtS,,,,,,,,,,RtS-TS,Paired,,,10,MOCP-0110p10,"MOCP-0110p10,",,,,,,,,,,,,,
219,PA14_BRD5750_0.5X_P3_rep1,AGAGGACCT,CTACAGTT,TGCGGCGT,NC_008463.1,,,,10,,,,#REF!,,,#REF!,,RtS,,,,,,,,,,RtS-TS,Paired,,,10,MOCP-0110p10,"MOCP-0110p10,",,,,,,,,,,,,,
220,PA14_POL7080_0.5X_P3_rep1,GGCCGGTAT,CTACAGTT,TGCGGCGT,NC_008463.1,,,,10,,,,#REF!,,,#REF!,,RtS,,,,,,,,,,RtS-TS,Paired,,,10,MOCP-0110p10,"MOCP-0110p10,",,,,,,,,,,,,,
221,PA14_arab_0.125%_P3_rep2,GCCGAGGGT,CTACAGTT,TGCGGCGT,NC_008463.1,,,,10,,,,#REF!,,,#REF!,,RtS,,,,,,,,,,RtS-TS,Paired,,,10,MOCP-0110p10,"MOCP-0110p10,",,,,,,,,,,,,,
222,PA14_Ami_0.5X_P3_rep2,CGATCCAGT,CTACAGTT,TGCGGCGT,NC_008463.1,,,,10,,,,#REF!,,,#REF!,,RtS,,,,,,,,,,RtS-TS,Paired,,,10,MOCP-0110p10,"MOCP-0110p10,",,,,,,,,,,,,,
223,PA14_PA69180_0.05X_P3_rep2,GTTAGAAAT,CTACAGTT,TGCGGCGT,NC_008463.1,,,,10,,,,#REF!,,,#REF!,,RtS,,,,,,,,,,RtS-TS,Paired,,,10,MOCP-0110p10,"MOCP-0110p10,",,,,,,,,,,,,,
224,PA14_dmso_0.5%_P3_rep2,GGTACCGGT,CTACAGTT,TGCGGCGT,NC_008463.1,,,,10,,,,#REF!,,,#REF!,,RtS,,,,,,,,,,RtS-TS,Paired,,,10,MOCP-0110p10,"MOCP-0110p10,",,,,,,,,,,,,,
225,PA14_Doxy_0.5X_P3_rep3,TCGTCCGTT,CTACAGTT,TGCGGCGT,NC_008463.1,,,,10,,,,#REF!,,,#REF!,,RtS,,,,,,,,,,RtS-TS,Paired,,,10,MOCP-0110p10,"MOCP-0110p10,",,,,,,,,,,,,,
226,PA14_Cipro_0.5X_P3_rep3,TGAATATTT,CTACAGTT,TGCGGCGT,NC_008463.1,,,,10,,,,#REF!,,,#REF!,,RtS,,,,,,,,,,RtS-TS,Paired,,,10,MOCP-0110p10,"MOCP-0110p10,",,,,,,,,,,,,,
227,PA14_Fosmido_0.05X_P3_rep3,ATCTTTCCT,CTACAGTT,TGCGGCGT,NC_008463.1,,,,10,,,,#REF!,,,#REF!,,RtS,,,,,,,,,,RtS-TS,Paired,,,10,MOCP-0110p10,"MOCP-0110p10,",,,,,,,,,,,,,
228,PA14_water_0.5%_P3_rep3,CCAGGAGTT,CTACAGTT,TGCGGCGT,NC_008463.1,,,,10,,,,#REF!,,,#REF!,,RtS,,,,,,,,,,RtS-TS,Paired,,,10,MOCP-0110p10,"MOCP-0110p10,",,,,,,,,,,,,,
229,oprLhypo_dmso_0.5%_P3_rep1,CGACTTGGT,CTACAGTT,TGCGGCGT,NC_008463.1,,,,10,,,,#REF!,,,#REF!,,RtS,,,,,,,,,,RtS-TS,Paired,,,10,MOCP-0110p10,"MOCP-0110p10,",,,,,,,,,,,,,
230,oprLhypo_PA69180_0.05X_P3_rep1,GTGGCTGCT,CTACAGTT,TGCGGCGT,NC_008463.1,,,,10,,,,#REF!,,,#REF!,,RtS,,,,,,,,,,RtS-TS,Paired,,,10,MOCP-0110p10,"MOCP-0110p10,",,,,,,,,,,,,,
231,oprLhypo_Cipro_0.5X_P3_rep1,GCAGTTACT,CTACAGTT,TGCGGCGT,NC_008463.1,,,,10,,,,#REF!,,,#REF!,,RtS,,,,,,,,,,RtS-TS,Paired,,,10,MOCP-0110p10,"MOCP-0110p10,",,,,,,,,,,,,,
232,oprLhypo_water_0.5%_P3_rep1,CACGATGAT,CTACAGTT,TGCGGCGT,NC_008463.1,,,,10,,,,#REF!,,,#REF!,,RtS,,,,,,,,,,RtS-TS,Paired,,,10,MOCP-0110p10,"MOCP-0110p10,",,,,,,,,,,,,,
233,PA14_A22_0.5X_P3_rep2,CGTGGTAAT,CTACAGTT,TGCGGCGT,NC_008463.1,,,,10,,,,#REF!,,,#REF!,,RtS,,,,,,,,,,RtS-TS,Paired,,,10,MOCP-0110p10,"MOCP-0110p10,",,,,,,,,,,,,,
234,PA14_BRD8672_0.05X_P3_rep2,ATAATTCTT,CTACAGTT,TGCGGCGT,NC_008463.1,,,,10,,,,#REF!,,,#REF!,,RtS,,,,,,,,,,RtS-TS,Paired,,,10,MOCP-0110p10,"MOCP-0110p10,",,,,,,,,,,,,,
235,PA14_BRD5750_0.5X_P3_rep2,CTTGGGCCT,CTACAGTT,TGCGGCGT,NC_008463.1,,,,10,,,,#REF!,,,#REF!,,RtS,,,,,,,,,,RtS-TS,Paired,,,10,MOCP-0110p10,"MOCP-0110p10,",,,,,,,,,,,,,
236,PA14_POL7080_0.5X_P3_rep2,ATGTTGTAT,CTACAGTT,TGCGGCGT,NC_008463.1,,,,10,,,,#REF!,,,#REF!,,RtS,,,,,,,,,,RtS-TS,Paired,,,10,MOCP-0110p10,"MOCP-0110p10,",,,,,,,,,,,,,
237,PA14_arab_0.125%_P3_rep3,CTGGTTCAT,CTACAGTT,TGCGGCGT,NC_008463.1,,,,10,,,,#REF!,,,#REF!,,RtS,,,,,,,,,,RtS-TS,Paired,,,10,MOCP-0110p10,"MOCP-0110p10,",,,,,,,,,,,,,
238,PA14_Ami_0.5X_P3_rep3,GTCCATATT,CTACAGTT,TGCGGCGT,NC_008463.1,,,,10,,,,#REF!,,,#REF!,,RtS,,,,,,,,,,RtS-TS,Paired,,,10,MOCP-0110p10,"MOCP-0110p10,",,,,,,,,,,,,,
239,PA14_PA69180_0.05X_P3_rep3,GCGAGTTGT,CTACAGTT,TGCGGCGT,NC_008463.1,,,,10,,,,#REF!,,,#REF!,,RtS,,,,,,,,,,RtS-TS,Paired,,,10,MOCP-0110p10,"MOCP-0110p10,",,,,,,,,,,,,,
240,PA14_dmso_0.5%_P3_rep3,GCCCTCCGT,CTACAGTT,TGCGGCGT,NC_008463.1,,,,10,,,,#REF!,,,#REF!,,RtS,,,,,,,,,,RtS-TS,Paired,,,10,MOCP-0110p10,"MOCP-0110p10,",,,,,,,,,,,,,
241,dxrKD_water_0.5%_P3_rep1,AATAATGTT,GGAAGCAG,GATCTATC,NC_008463.1,,,,11,,,,#REF!,,,#REF!,,RtS,,,,,,,,,,RtS-TS,Paired,,,11,MOCP-0110p11,"MOCP-0110p11,",,,,,,,,,,,,,
242,dxrKD_Fosmido_0.05X_P3_rep1,CAAGTGATT,GGAAGCAG,GATCTATC,NC_008463.1,,,,11,,,,#REF!,,,#REF!,,RtS,,,,,,,,,,RtS-TS,Paired,,,11,MOCP-0110p11,"MOCP-0110p11,",,,,,,,,,,,,,
243,dxrKD_Cipro_0.5X_P3_rep1,AAGACGGGT,GGAAGCAG,GATCTATC,NC_008463.1,,,,11,,,,#REF!,,,#REF!,,RtS,,,,,,,,,,RtS-TS,Paired,,,11,MOCP-0110p11,"MOCP-0110p11,",,,,,,,,,,,,,
244,dxrKD_Doxy_0.5X_P3_rep1,GTACCGAGT,GGAAGCAG,GATCTATC,NC_008463.1,,,,11,,,,#REF!,,,#REF!,,RtS,,,,,,,,,,RtS-TS,Paired,,,11,MOCP-0110p11,"MOCP-0110p11,",,,,,,,,,,,,,
245,oprLhypo_dmso_0.5%_P3_rep2,CGCCAGACT,GGAAGCAG,GATCTATC,NC_008463.1,,,,11,,,,#REF!,,,#REF!,,RtS,,,,,,,,,,RtS-TS,Paired,,,11,MOCP-0110p11,"MOCP-0110p11,",,,,,,,,,,,,,
246,oprLhypo_PA69180_0.05X_P3_rep2,CCGCGGGAT,GGAAGCAG,GATCTATC,NC_008463.1,,,,11,,,,#REF!,,,#REF!,,RtS,,,,,,,,,,RtS-TS,Paired,,,11,MOCP-0110p11,"MOCP-0110p11,",,,,,,,,,,,,,
247,oprLhypo_Cipro_0.5X_P3_rep2,AAGTGCCGT,GGAAGCAG,GATCTATC,NC_008463.1,,,,11,,,,#REF!,,,#REF!,,RtS,,,,,,,,,,RtS-TS,Paired,,,11,MOCP-0110p11,"MOCP-0110p11,",,,,,,,,,,,,,
248,oprLhypo_water_0.5%_P3_rep2,ACAATCTCT,GGAAGCAG,GATCTATC,NC_008463.1,,,,11,,,,#REF!,,,#REF!,,RtS,,,,,,,,,,RtS-TS,Paired,,,11,MOCP-0110p11,"MOCP-0110p11,",,,,,,,,,,,,,
249,PA14_A22_0.5X_P3_rep3,CATCTGTAT,GGAAGCAG,GATCTATC,NC_008463.1,,,,11,,,,#REF!,,,#REF!,,RtS,,,,,,,,,,RtS-TS,Paired,,,11,MOCP-0110p11,"MOCP-0110p11,",,,,,,,,,,,,,
250,PA14_BRD8672_0.05X_P3_rep3,GTCTCCCAT,GGAAGCAG,GATCTATC,NC_008463.1,,,,11,,,,#REF!,,,#REF!,,RtS,,,,,,,,,,RtS-TS,Paired,,,11,MOCP-0110p11,"MOCP-0110p11,",,,,,,,,,,,,,
251,PA14_BRD5750_0.5X_P3_rep3,CTGTAGGGT,GGAAGCAG,GATCTATC,NC_008463.1,,,,11,,,,#REF!,,,#REF!,,RtS,,,,,,,,,,RtS-TS,Paired,,,11,MOCP-0110p11,"MOCP-0110p11,",,,,,,,,,,,,,
252,PA14_POL7080_0.5X_P3_rep3,AGTTAGAGT,GGAAGCAG,GATCTATC,NC_008463.1,,,,11,,,,#REF!,,,#REF!,,RtS,,,,,,,,,,RtS-TS,Paired,,,11,MOCP-0110p11,"MOCP-0110p11,",,,,,,,,,,,,,
253,dxrKD_BRD8672_0.05X_P3_rep1,CAACACTTT,GGAAGCAG,GATCTATC,NC_008463.1,,,,11,,,,#REF!,,,#REF!,,RtS,,,,,,,,,,RtS-TS,Paired,,,11,MOCP-0110p11,"MOCP-0110p11,",,,,,,,,,,,,,
254,dxrKD_dmso_0.5%_P3_rep1,GATGGCTCT,GGAAGCAG,GATCTATC,NC_008463.1,,,,11,,,,#REF!,,,#REF!,,RtS,,,,,,,,,,RtS-TS,Paired,,,11,MOCP-0110p11,"MOCP-0110p11,",,,,,,,,,,,,,
255,dxrKD_arab_0.125%_P3_rep1,AGAGGACCT,GGAAGCAG,GATCTATC,NC_008463.1,,,,11,,,,#REF!,,,#REF!,,RtS,,,,,,,,,,RtS-TS,Paired,,,11,MOCP-0110p11,"MOCP-0110p11,",,,,,,,,,,,,,
256,dxrKD_BRD0277_0.05X_P3_rep1,GGCCGGTAT,GGAAGCAG,GATCTATC,NC_008463.1,,,,11,,,,#REF!,,,#REF!,,RtS,,,,,,,,,,RtS-TS,Paired,,,11,MOCP-0110p11,"MOCP-0110p11,",,,,,,,,,,,,,
257,dxrKD_water_0.5%_P3_rep2,GCCGAGGGT,GGAAGCAG,GATCTATC,NC_008463.1,,,,11,,,,#REF!,,,#REF!,,RtS,,,,,,,,,,RtS-TS,Paired,,,11,MOCP-0110p11,"MOCP-0110p11,",,,,,,,,,,,,,
258,dxrKD_Fosmido_0.05X_P3_rep2,CGATCCAGT,GGAAGCAG,GATCTATC,NC_008463.1,,,,11,,,,#REF!,,,#REF!,,RtS,,,,,,,,,,RtS-TS,Paired,,,11,MOCP-0110p11,"MOCP-0110p11,",,,,,,,,,,,,,
259,dxrKD_Cipro_0.5X_P3_rep2,GTTAGAAAT,GGAAGCAG,GATCTATC,NC_008463.1,,,,11,,,,#REF!,,,#REF!,,RtS,,,,,,,,,,RtS-TS,Paired,,,11,MOCP-0110p11,"MOCP-0110p11,",,,,,,,,,,,,,
260,dxrKD_Doxy_0.5X_P3_rep2,GGTACCGGT,GGAAGCAG,GATCTATC,NC_008463.1,,,,11,,,,#REF!,,,#REF!,,RtS,,,,,,,,,,RtS-TS,Paired,,,11,MOCP-0110p11,"MOCP-0110p11,",,,,,,,,,,,,,
261,oprLhypo_dmso_0.5%_P3_rep3,TCGTCCGTT,GGAAGCAG,GATCTATC,NC_008463.1,,,,11,,,,#REF!,,,#REF!,,RtS,,,,,,,,,,RtS-TS,Paired,,,11,MOCP-0110p11,"MOCP-0110p11,",,,,,,,,,,,,,
262,oprLhypo_PA69180_0.05X_P3_rep3,TGAATATTT,GGAAGCAG,GATCTATC,NC_008463.1,,,,11,,,,#REF!,,,#REF!,,RtS,,,,,,,,,,RtS-TS,Paired,,,11,MOCP-0110p11,"MOCP-0110p11,",,,,,,,,,,,,,
263,oprLhypo_Cipro_0.5X_P3_rep3,ATCTTTCCT,GGAAGCAG,GATCTATC,NC_008463.1,,,,11,,,,#REF!,,,#REF!,,RtS,,,,,,,,,,RtS-TS,Paired,,,11,MOCP-0110p11,"MOCP-0110p11,",,,,,,,,,,,,,
264,oprLhypo_water_0.5%_P3_rep3,CCAGGAGTT,GGAAGCAG,GATCTATC,NC_008463.1,,,,11,,,,#REF!,,,#REF!,,RtS,,,,,,,,,,RtS-TS,Paired,,,11,MOCP-0110p11,"MOCP-0110p11,",,,,,,,,,,,,,
265,lptEKD_Cipro_0.5X_P3_rep1,CGACTTGGT,TATAACCT,CGGAACTG,NC_008463.1,,,,12,,,,#REF!,,,#REF!,,RtS,,,,,,,,,,RtS-TS,Paired,,,12,MOCP-0110p12,"MOCP-0110p12,",,,,,,,,,,,,,
266,lptEKD_arab_0.125%_P3_rep1,GTGGCTGCT,TATAACCT,CGGAACTG,NC_008463.1,,,,12,,,,#REF!,,,#REF!,,RtS,,,,,,,,,,RtS-TS,Paired,,,12,MOCP-0110p12,"MOCP-0110p12,",,,,,,,,,,,,,
267,lptEKD_Doxy_0.5X_P3_rep1,GCAGTTACT,TATAACCT,CGGAACTG,NC_008463.1,,,,12,,,,#REF!,,,#REF!,,RtS,,,,,,,,,,RtS-TS,Paired,,,12,MOCP-0110p12,"MOCP-0110p12,",,,,,,,,,,,,,
268,lptEKD_water_0.5%_P3_rep1,CACGATGAT,TATAACCT,CGGAACTG,NC_008463.1,,,,12,,,,#REF!,,,#REF!,,RtS,,,,,,,,,,RtS-TS,Paired,,,12,MOCP-0110p12,"MOCP-0110p12,",,,,,,,,,,,,,
269,dxrKD_BRD8672_0.05X_P3_rep2,CGTGGTAAT,TATAACCT,CGGAACTG,NC_008463.1,,,,12,,,,#REF!,,,#REF!,,RtS,,,,,,,,,,RtS-TS,Paired,,,12,MOCP-0110p12,"MOCP-0110p12,",,,,,,,,,,,,,
270,dxrKD_dmso_0.5%_P3_rep2,ATAATTCTT,TATAACCT,CGGAACTG,NC_008463.1,,,,12,,,,#REF!,,,#REF!,,RtS,,,,,,,,,,RtS-TS,Paired,,,12,MOCP-0110p12,"MOCP-0110p12,",,,,,,,,,,,,,
271,dxrKD_arab_0.125%_P3_rep2,CTTGGGCCT,TATAACCT,CGGAACTG,NC_008463.1,,,,12,,,,#REF!,,,#REF!,,RtS,,,,,,,,,,RtS-TS,Paired,,,12,MOCP-0110p12,"MOCP-0110p12,",,,,,,,,,,,,,
272,dxrKD_BRD0277_0.05X_P3_rep2,ATGTTGTAT,TATAACCT,CGGAACTG,NC_008463.1,,,,12,,,,#REF!,,,#REF!,,RtS,,,,,,,,,,RtS-TS,Paired,,,12,MOCP-0110p12,"MOCP-0110p12,",,,,,,,,,,,,,
273,dxrKD_water_0.5%_P3_rep3,CTGGTTCAT,TATAACCT,CGGAACTG,NC_008463.1,,,,12,,,,#REF!,,,#REF!,,RtS,,,,,,,,,,RtS-TS,Paired,,,12,MOCP-0110p12,"MOCP-0110p12,",,,,,,,,,,,,,
274,dxrKD_Fosmido_0.05X_P3_rep3,GTCCATATT,TATAACCT,CGGAACTG,NC_008463.1,,,,12,,,,#REF!,,,#REF!,,RtS,,,,,,,,,,RtS-TS,Paired,,,12,MOCP-0110p12,"MOCP-0110p12,",,,,,,,,,,,,,
275,dxrKD_Cipro_0.5X_P3_rep3,GCGAGTTGT,TATAACCT,CGGAACTG,NC_008463.1,,,,12,,,,#REF!,,,#REF!,,RtS,,,,,,,,,,RtS-TS,Paired,,,12,MOCP-0110p12,"MOCP-0110p12,",,,,,,,,,,,,,
276,dxrKD_Doxy_0.5X_P3_rep3,GCCCTCCGT,TATAACCT,CGGAACTG,NC_008463.1,,,,12,,,,#REF!,,,#REF!,,RtS,,,,,,,,,,RtS-TS,Paired,,,12,MOCP-0110p12,"MOCP-0110p12,",,,,,,,,,,,,,
277,lptEKD_POL7080_0.5X_P3_rep1,AATAATGTT,TATAACCT,CGGAACTG,NC_008463.1,,,,12,,,,#REF!,,,#REF!,,RtS,,,,,,,,,,RtS-TS,Paired,,,12,MOCP-0110p12,"MOCP-0110p12,",,,,,,,,,,,,,
278,lptEKD_BRD5750_0.5X_P3_rep1,CAAGTGATT,TATAACCT,CGGAACTG,NC_008463.1,,,,12,,,,#REF!,,,#REF!,,RtS,,,,,,,,,,RtS-TS,Paired,,,12,MOCP-0110p12,"MOCP-0110p12,",,,,,,,,,,,,,
279,lptEKD_dmso_0.5%_P3_rep1,AAGACGGGT,TATAACCT,CGGAACTG,NC_008463.1,,,,12,,,,#REF!,,,#REF!,,RtS,,,,,,,,,,RtS-TS,Paired,,,12,MOCP-0110p12,"MOCP-0110p12,",,,,,,,,,,,,,
280,lptEKD_BRD6387_1X_P3_rep1,GTACCGAGT,TATAACCT,CGGAACTG,NC_008463.1,,,,12,,,,#REF!,,,#REF!,,RtS,,,,,,,,,,RtS-TS,Paired,,,12,MOCP-0110p12,"MOCP-0110p12,",,,,,,,,,,,,,
281,lptEKD_Cipro_0.5X_P3_rep2,CGCCAGACT,TATAACCT,CGGAACTG,NC_008463.1,,,,12,,,,#REF!,,,#REF!,,RtS,,,,,,,,,,RtS-TS,Paired,,,12,MOCP-0110p12,"MOCP-0110p12,",,,,,,,,,,,,,
282,lptEKD_arab_0.125%_P3_rep2,CCGCGGGAT,TATAACCT,CGGAACTG,NC_008463.1,,,,12,,,,#REF!,,,#REF!,,RtS,,,,,,,,,,RtS-TS,Paired,,,12,MOCP-0110p12,"MOCP-0110p12,",,,,,,,,,,,,,
283,lptEKD_Doxy_0.5X_P3_rep2,AAGTGCCGT,TATAACCT,CGGAACTG,NC_008463.1,,,,12,,,,#REF!,,,#REF!,,RtS,,,,,,,,,,RtS-TS,Paired,,,12,MOCP-0110p12,"MOCP-0110p12,",,,,,,,,,,,,,
284,lptEKD_water_0.5%_P3_rep2,ACAATCTCT,TATAACCT,CGGAACTG,NC_008463.1,,,,12,,,,#REF!,,,#REF!,,RtS,,,,,,,,,,RtS-TS,Paired,,,12,MOCP-0110p12,"MOCP-0110p12,",,,,,,,,,,,,,
285,dxrKD_BRD8672_0.05X_P3_rep3,CATCTGTAT,TATAACCT,CGGAACTG,NC_008463.1,,,,12,,,,#REF!,,,#REF!,,RtS,,,,,,,,,,RtS-TS,Paired,,,12,MOCP-0110p12,"MOCP-0110p12,",,,,,,,,,,,,,
286,dxrKD_dmso_0.5%_P3_rep3,GTCTCCCAT,TATAACCT,CGGAACTG,NC_008463.1,,,,12,,,,#REF!,,,#REF!,,RtS,,,,,,,,,,RtS-TS,Paired,,,12,MOCP-0110p12,"MOCP-0110p12,",,,,,,,,,,,,,
287,dxrKD_arab_0.125%_P3_rep3,CTGTAGGGT,TATAACCT,CGGAACTG,NC_008463.1,,,,12,,,,#REF!,,,#REF!,,RtS,,,,,,,,,,RtS-TS,Paired,,,12,MOCP-0110p12,"MOCP-0110p12,",,,,,,,,,,,,,
288,dxrKD_BRD0277_0.05X_P3_rep3,AGTTAGAGT,TATAACCT,CGGAACTG,NC_008463.1,,,,12,,,,#REF!,,,#REF!,,RtS,,,,,,,,,,RtS-TS,Paired,,,12,MOCP-0110p12,"MOCP-0110p12,",,,,,,,,,,,,,
289,ctrlC26_arab_0.5_90min_P4_rep1,CGACTTGGT,CGCGGTTC,TAAGGTCA,NC_008463.1,,,,13,,,,#REF!,,,#REF!,,RtS,,,,,,,,,,RtS-TS,Paired,,,13,MOCP-0110p13,"MOCP-0110p13,",,,,,,,,,,,,,
290,ctrlC26_arab_0.125_90min_P4_rep1,GTGGCTGCT,CGCGGTTC,TAAGGTCA,NC_008463.1,,,,13,,,,#REF!,,,#REF!,,RtS,,,,,,,,,,RtS-TS,Paired,,,13,MOCP-0110p13,"MOCP-0110p13,",,,,,,,,,,,,,
291,ctrlC26_arab_0.0312_90min_P4_rep1,GCAGTTACT,CGCGGTTC,TAAGGTCA,NC_008463.1,,,,13,,,,#REF!,,,#REF!,,RtS,,,,,,,,,,RtS-TS,Paired,,,13,MOCP-0110p13,"MOCP-0110p13,",,,,,,,,,,,,,
292,ctrlC26_arab_0_90min_P4_rep1,CACGATGAT,CGCGGTTC,TAAGGTCA,NC_008463.1,,,,13,,,,#REF!,,,#REF!,,RtS,,,,,,,,,,RtS-TS,Paired,,,13,MOCP-0110p13,"MOCP-0110p13,",,,,,,,,,,,,,
293,ctrlC26_arab_0.5_90min_P4_rep2,CGTGGTAAT,CGCGGTTC,TAAGGTCA,NC_008463.1,,,,13,,,,#REF!,,,#REF!,,RtS,,,,,,,,,,RtS-TS,Paired,,,13,MOCP-0110p13,"MOCP-0110p13,",,,,,,,,,,,,,
294,ctrlC26_arab_0.125_90min_P4_rep2,ATAATTCTT,CGCGGTTC,TAAGGTCA,NC_008463.1,,,,13,,,,#REF!,,,#REF!,,RtS,,,,,,,,,,RtS-TS,Paired,,,13,MOCP-0110p13,"MOCP-0110p13,",,,,,,,,,,,,,
295,ctrlC26_arab_0.0312_90min_P4_rep2,CTTGGGCCT,CGCGGTTC,TAAGGTCA,NC_008463.1,,,,13,,,,#REF!,,,#REF!,,RtS,,,,,,,,,,RtS-TS,Paired,,,13,MOCP-0110p13,"MOCP-0110p13,",,,,,,,,,,,,,
296,ctrlC26_arab_0_90min_P4_rep2,ATGTTGTAT,CGCGGTTC,TAAGGTCA,NC_008463.1,,,,13,,,,#REF!,,,#REF!,,RtS,,,,,,,,,,RtS-TS,Paired,,,13,MOCP-0110p13,"MOCP-0110p13,",,,,,,,,,,,,,
297,ctrlC26_arab_0.5_90min_P4_rep3,CTGGTTCAT,CGCGGTTC,TAAGGTCA,NC_008463.1,,,,13,,,,#REF!,,,#REF!,,RtS,,,,,,,,,,RtS-TS,Paired,,,13,MOCP-0110p13,"MOCP-0110p13,",,,,,,,,,,,,,
298,ctrlC26_arab_0.125_90min_P4_rep3,GTCCATATT,CGCGGTTC,TAAGGTCA,NC_008463.1,,,,13,,,,#REF!,,,#REF!,,RtS,,,,,,,,,,RtS-TS,Paired,,,13,MOCP-0110p13,"MOCP-0110p13,",,,,,,,,,,,,,
299,ctrlC26_arab_0.0312_90min_P4_rep3,GCGAGTTGT,CGCGGTTC,TAAGGTCA,NC_008463.1,,,,13,,,,#REF!,,,#REF!,,RtS,,,,,,,,,,RtS-TS,Paired,,,13,MOCP-0110p13,"MOCP-0110p13,",,,,,,,,,,,,,
300,ctrlC26_arab_0_90min_P4_rep3,GCCCTCCGT,CGCGGTTC,TAAGGTCA,NC_008463.1,,,,13,,,,#REF!,,,#REF!,,RtS,,,,,,,,,,RtS-TS,Paired,,,13,MOCP-0110p13,"MOCP-0110p13,",,,,,,,,,,,,,
301,dhfRC117_arab_0.5_90min_P4_rep1,AATAATGTT,CGCGGTTC,TAAGGTCA,NC_008463.1,,,,13,,,,#REF!,,,#REF!,,RtS,,,,,,,,,,RtS-TS,Paired,,,13,MOCP-0110p13,"MOCP-0110p13,",,,,,,,,,,,,,
302,dhfRC117_arab_0.125_90min_P4_rep1,CAAGTGATT,CGCGGTTC,TAAGGTCA,NC_008463.1,,,,13,,,,#REF!,,,#REF!,,RtS,,,,,,,,,,RtS-TS,Paired,,,13,MOCP-0110p13,"MOCP-0110p13,",,,,,,,,,,,,,
303,dhfRC117_arab_0.0312_90min_P4_rep1,AAGACGGGT,CGCGGTTC,TAAGGTCA,NC_008463.1,,,,13,,,,#REF!,,,#REF!,,RtS,,,,,,,,,,RtS-TS,Paired,,,13,MOCP-0110p13,"MOCP-0110p13,",,,,,,,,,,,,,
304,dhfRC117_arab_0_90min_P4_rep1,GTACCGAGT,CGCGGTTC,TAAGGTCA,NC_008463.1,,,,13,,,,#REF!,,,#REF!,,RtS,,,,,,,,,,RtS-TS,Paired,,,13,MOCP-0110p13,"MOCP-0110p13,",,,,,,,,,,,,,
305,dhfRC117_arab_0.5_90min_P4_rep2,CGCCAGACT,CGCGGTTC,TAAGGTCA,NC_008463.1,,,,13,,,,#REF!,,,#REF!,,RtS,,,,,,,,,,RtS-TS,Paired,,,13,MOCP-0110p13,"MOCP-0110p13,",,,,,,,,,,,,,
306,dhfRC117_arab_0.125_90min_P4_rep2,CCGCGGGAT,CGCGGTTC,TAAGGTCA,NC_008463.1,,,,13,,,,#REF!,,,#REF!,,RtS,,,,,,,,,,RtS-TS,Paired,,,13,MOCP-0110p13,"MOCP-0110p13,",,,,,,,,,,,,,
307,dhfRC117_arab_0.0312_90min_P4_rep2,AAGTGCCGT,CGCGGTTC,TAAGGTCA,NC_008463.1,,,,13,,,,#REF!,,,#REF!,,RtS,,,,,,,,,,RtS-TS,Paired,,,13,MOCP-0110p13,"MOCP-0110p13,",,,,,,,,,,,,,
308,dhfRC117_arab_0_90min_P4_rep2,ACAATCTCT,CGCGGTTC,TAAGGTCA,NC_008463.1,,,,13,,,,#REF!,,,#REF!,,RtS,,,,,,,,,,RtS-TS,Paired,,,13,MOCP-0110p13,"MOCP-0110p13,",,,,,,,,,,,,,
309,dhfRC117_arab_0.5_90min_P4_rep3,CATCTGTAT,CGCGGTTC,TAAGGTCA,NC_008463.1,,,,13,,,,#REF!,,,#REF!,,RtS,,,,,,,,,,RtS-TS,Paired,,,13,MOCP-0110p13,"MOCP-0110p13,",,,,,,,,,,,,,
310,dhfRC117_arab_0.125_90min_P4_rep3,GTCTCCCAT,CGCGGTTC,TAAGGTCA,NC_008463.1,,,,13,,,,#REF!,,,#REF!,,RtS,,,,,,,,,,RtS-TS,Paired,,,13,MOCP-0110p13,"MOCP-0110p13,",,,,,,,,,,,,,
311,dhfRC117_arab_0.0312_90min_P4_rep3,CTGTAGGGT,CGCGGTTC,TAAGGTCA,NC_008463.1,,,,13,,,,#REF!,,,#REF!,,RtS,,,,,,,,,,RtS-TS,Paired,,,13,MOCP-0110p13,"MOCP-0110p13,",,,,,,,,,,,,,
312,dhfRC117_arab_0_90min_P4_rep3,AGTTAGAGT,CGCGGTTC,TAAGGTCA,NC_008463.1,,,,13,,,,#REF!,,,#REF!,,RtS,,,,,,,,,,RtS-TS,Paired,,,13,MOCP-0110p13,"MOCP-0110p13,",,,,,,,,,,,,,
313,gyrAC131_arab_0.5_90min_P4_rep1,CAACACTTT,TTGGTGAG,TTGCCTAG,NC_008463.1,,,,14,,,,#REF!,,,#REF!,,RtS,,,,,,,,,,RtS-TS,Paired,,,14,MOCP-0110p14,"MOCP-0110p14,",,,,,,,,,,,,,
314,gyrAC131_arab_0.125_90min_P4_rep1,GATGGCTCT,TTGGTGAG,TTGCCTAG,NC_008463.1,,,,14,,,,#REF!,,,#REF!,,RtS,,,,,,,,,,RtS-TS,Paired,,,14,MOCP-0110p14,"MOCP-0110p14,",,,,,,,,,,,,,
315,gyrAC131_arab_0.0312_90min_P4_rep1,AGAGGACCT,TTGGTGAG,TTGCCTAG,NC_008463.1,,,,14,,,,#REF!,,,#REF!,,RtS,,,,,,,,,,RtS-TS,Paired,,,14,MOCP-0110p14,"MOCP-0110p14,",,,,,,,,,,,,,
316,gyrAC131_arab_0_90min_P4_rep1,GGCCGGTAT,TTGGTGAG,TTGCCTAG,NC_008463.1,,,,14,,,,#REF!,,,#REF!,,RtS,,,,,,,,,,RtS-TS,Paired,,,14,MOCP-0110p14,"MOCP-0110p14,",,,,,,,,,,,,,
317,gyrAC131_arab_0.5_90min_P4_rep2,GCCGAGGGT,TTGGTGAG,TTGCCTAG,NC_008463.1,,,,14,,,,#REF!,,,#REF!,,RtS,,,,,,,,,,RtS-TS,Paired,,,14,MOCP-0110p14,"MOCP-0110p14,",,,,,,,,,,,,,
318,gyrAC131_arab_0.125_90min_P4_rep2,CGATCCAGT,TTGGTGAG,TTGCCTAG,NC_008463.1,,,,14,,,,#REF!,,,#REF!,,RtS,,,,,,,,,,RtS-TS,Paired,,,14,MOCP-0110p14,"MOCP-0110p14,",,,,,,,,,,,,,
319,gyrAC131_arab_0.0312_90min_P4_rep2,GTTAGAAAT,TTGGTGAG,TTGCCTAG,NC_008463.1,,,,14,,,,#REF!,,,#REF!,,RtS,,,,,,,,,,RtS-TS,Paired,,,14,MOCP-0110p14,"MOCP-0110p14,",,,,,,,,,,,,,
320,gyrAC131_arab_0_90min_P4_rep2,GGTACCGGT,TTGGTGAG,TTGCCTAG,NC_008463.1,,,,14,,,,#REF!,,,#REF!,,RtS,,,,,,,,,,RtS-TS,Paired,,,14,MOCP-0110p14,"MOCP-0110p14,",,,,,,,,,,,,,
321,gyrAC131_arab_0.5_90min_P4_rep3,TCGTCCGTT,TTGGTGAG,TTGCCTAG,NC_008463.1,,,,14,,,,#REF!,,,#REF!,,RtS,,,,,,,,,,RtS-TS,Paired,,,14,MOCP-0110p14,"MOCP-0110p14,",,,,,,,,,,,,,
322,gyrAC131_arab_0.125_90min_P4_rep3,TGAATATTT,TTGGTGAG,TTGCCTAG,NC_008463.1,,,,14,,,,#REF!,,,#REF!,,RtS,,,,,,,,,,RtS-TS,Paired,,,14,MOCP-0110p14,"MOCP-0110p14,",,,,,,,,,,,,,
323,gyrAC131_arab_0.0312_90min_P4_rep3,ATCTTTCCT,TTGGTGAG,TTGCCTAG,NC_008463.1,,,,14,,,,#REF!,,,#REF!,,RtS,,,,,,,,,,RtS-TS,Paired,,,14,MOCP-0110p14,"MOCP-0110p14,",,,,,,,,,,,,,
324,gyrAC131_arab_0_90min_P4_rep3,CCAGGAGTT,TTGGTGAG,TTGCCTAG,NC_008463.1,,,,14,,,,#REF!,,,#REF!,,RtS,,,,,,,,,,RtS-TS,Paired,,,14,MOCP-0110p14,"MOCP-0110p14,",,,,,,,,,,,,,
325,murAC119_arab_0.5_90min_P4_rep1,CGACTTGGT,TTGGTGAG,TTGCCTAG,NC_008463.1,,,,14,,,,#REF!,,,#REF!,,RtS,,,,,,,,,,RtS-TS,Paired,,,14,MOCP-0110p14,"MOCP-0110p14,",,,,,,,,,,,,,
326,murAC119_arab_0.125_90min_P4_rep1,GTGGCTGCT,TTGGTGAG,TTGCCTAG,NC_008463.1,,,,14,,,,#REF!,,,#REF!,,RtS,,,,,,,,,,RtS-TS,Paired,,,14,MOCP-0110p14,"MOCP-0110p14,",,,,,,,,,,,,,
327,murAC119_arab_0.0312_90min_P4_rep1,GCAGTTACT,TTGGTGAG,TTGCCTAG,NC_008463.1,,,,14,,,,#REF!,,,#REF!,,RtS,,,,,,,,,,RtS-TS,Paired,,,14,MOCP-0110p14,"MOCP-0110p14,",,,,,,,,,,,,,
328,murAC119_arab_0_90min_P4_rep1,CACGATGAT,TTGGTGAG,TTGCCTAG,NC_008463.1,,,,14,,,,#REF!,,,#REF!,,RtS,,,,,,,,,,RtS-TS,Paired,,,14,MOCP-0110p14,"MOCP-0110p14,",,,,,,,,,,,,,
329,murAC119_arab_0.5_90min_P4_rep2,CGTGGTAAT,TTGGTGAG,TTGCCTAG,NC_008463.1,,,,14,,,,#REF!,,,#REF!,,RtS,,,,,,,,,,RtS-TS,Paired,,,14,MOCP-0110p14,"MOCP-0110p14,",,,,,,,,,,,,,
330,murAC119_arab_0.125_90min_P4_rep2,ATAATTCTT,TTGGTGAG,TTGCCTAG,NC_008463.1,,,,14,,,,#REF!,,,#REF!,,RtS,,,,,,,,,,RtS-TS,Paired,,,14,MOCP-0110p14,"MOCP-0110p14,",,,,,,,,,,,,,
331,murAC119_arab_0.0312_90min_P4_rep2,CTTGGGCCT,TTGGTGAG,TTGCCTAG,NC_008463.1,,,,14,,,,#REF!,,,#REF!,,RtS,,,,,,,,,,RtS-TS,Paired,,,14,MOCP-0110p14,"MOCP-0110p14,",,,,,,,,,,,,,
332,murAC119_arab_0_90min_P4_rep2,ATGTTGTAT,TTGGTGAG,TTGCCTAG,NC_008463.1,,,,14,,,,#REF!,,,#REF!,,RtS,,,,,,,,,,RtS-TS,Paired,,,14,MOCP-0110p14,"MOCP-0110p14,",,,,,,,,,,,,,
333,murAC119_arab_0.5_90min_P4_rep3,CTGGTTCAT,TTGGTGAG,TTGCCTAG,NC_008463.1,,,,14,,,,#REF!,,,#REF!,,RtS,,,,,,,,,,RtS-TS,Paired,,,14,MOCP-0110p14,"MOCP-0110p14,",,,,,,,,,,,,,
334,murAC119_arab_0.125_90min_P4_rep3,GTCCATATT,TTGGTGAG,TTGCCTAG,NC_008463.1,,,,14,,,,#REF!,,,#REF!,,RtS,,,,,,,,,,RtS-TS,Paired,,,14,MOCP-0110p14,"MOCP-0110p14,",,,,,,,,,,,,,
335,murAC119_arab_0.0312_90min_P4_rep3,GCGAGTTGT,TTGGTGAG,TTGCCTAG,NC_008463.1,,,,14,,,,#REF!,,,#REF!,,RtS,,,,,,,,,,RtS-TS,Paired,,,14,MOCP-0110p14,"MOCP-0110p14,",,,,,,,,,,,,,
336,murAC119_arab_0_90min_P4_rep3,GCCCTCCGT,TTGGTGAG,TTGCCTAG,NC_008463.1,,,,14,,,,#REF!,,,#REF!,,RtS,,,,,,,,,,RtS-TS,Paired,,,14,MOCP-0110p14,"MOCP-0110p14,",,,,,,,,,,,,,
337,lptDC136_arab_0.5_90min_P4_rep1,AATAATGTT,CCAACAGA,CCATTCGA,NC_008463.1,,,,15,,,,#REF!,,,#REF!,,RtS,,,,,,,,,,RtS-TS,Paired,,,15,MOCP-0110p15,"MOCP-0110p15,",,,,,,,,,,,,,
338,lptDC136_arab_0.125_90min_P4_rep1,CAAGTGATT,CCAACAGA,CCATTCGA,NC_008463.1,,,,15,,,,#REF!,,,#REF!,,RtS,,,,,,,,,,RtS-TS,Paired,,,15,MOCP-0110p15,"MOCP-0110p15,",,,,,,,,,,,,,
339,lptDC136_arab_0.0312_90min_P4_rep1,AAGACGGGT,CCAACAGA,CCATTCGA,NC_008463.1,,,,15,,,,#REF!,,,#REF!,,RtS,,,,,,,,,,RtS-TS,Paired,,,15,MOCP-0110p15,"MOCP-0110p15,",,,,,,,,,,,,,
340,lptDC136_arab_0_90min_P4_rep1,GTACCGAGT,CCAACAGA,CCATTCGA,NC_008463.1,,,,15,,,,#REF!,,,#REF!,,RtS,,,,,,,,,,RtS-TS,Paired,,,15,MOCP-0110p15,"MOCP-0110p15,",,,,,,,,,,,,,
341,lptDC136_arab_0.5_90min_P4_rep2,CGCCAGACT,CCAACAGA,CCATTCGA,NC_008463.1,,,,15,,,,#REF!,,,#REF!,,RtS,,,,,,,,,,RtS-TS,Paired,,,15,MOCP-0110p15,"MOCP-0110p15,",,,,,,,,,,,,,
342,lptDC136_arab_0.125_90min_P4_rep2,CCGCGGGAT,CCAACAGA,CCATTCGA,NC_008463.1,,,,15,,,,#REF!,,,#REF!,,RtS,,,,,,,,,,RtS-TS,Paired,,,15,MOCP-0110p15,"MOCP-0110p15,",,,,,,,,,,,,,
343,lptDC136_arab_0.0312_90min_P4_rep2,AAGTGCCGT,CCAACAGA,CCATTCGA,NC_008463.1,,,,15,,,,#REF!,,,#REF!,,RtS,,,,,,,,,,RtS-TS,Paired,,,15,MOCP-0110p15,"MOCP-0110p15,",,,,,,,,,,,,,
344,lptDC136_arab_0_90min_P4_rep2,ACAATCTCT,CCAACAGA,CCATTCGA,NC_008463.1,,,,15,,,,#REF!,,,#REF!,,RtS,,,,,,,,,,RtS-TS,Paired,,,15,MOCP-0110p15,"MOCP-0110p15,",,,,,,,,,,,,,
345,lptDC136_arab_0.5_90min_P4_rep3,CATCTGTAT,CCAACAGA,CCATTCGA,NC_008463.1,,,,15,,,,#REF!,,,#REF!,,RtS,,,,,,,,,,RtS-TS,Paired,,,15,MOCP-0110p15,"MOCP-0110p15,",,,,,,,,,,,,,
346,lptDC136_arab_0.125_90min_P4_rep3,GTCTCCCAT,CCAACAGA,CCATTCGA,NC_008463.1,,,,15,,,,#REF!,,,#REF!,,RtS,,,,,,,,,,RtS-TS,Paired,,,15,MOCP-0110p15,"MOCP-0110p15,",,,,,,,,,,,,,
347,lptDC136_arab_0.0312_90min_P4_rep3,CTGTAGGGT,CCAACAGA,CCATTCGA,NC_008463.1,,,,15,,,,#REF!,,,#REF!,,RtS,,,,,,,,,,RtS-TS,Paired,,,15,MOCP-0110p15,"MOCP-0110p15,",,,,,,,,,,,,,
348,lptDC136_arab_0_90min_P4_rep3,AGTTAGAGT,CCAACAGA,CCATTCGA,NC_008463.1,,,,15,,,,#REF!,,,#REF!,,RtS,,,,,,,,,,RtS-TS,Paired,,,15,MOCP-0110p15,"MOCP-0110p15,",,,,,,,,,,,,,
349,lpxcC165_arab_0.5_90min_P4_rep1,CAACACTTT,CCAACAGA,CCATTCGA,NC_008463.1,,,,15,,,,#REF!,,,#REF!,,RtS,,,,,,,,,,RtS-TS,Paired,,,15,MOCP-0110p15,"MOCP-0110p15,",,,,,,,,,,,,,
350,lpxcC165_arab_0.125_90min_P4_rep1,GATGGCTCT,CCAACAGA,CCATTCGA,NC_008463.1,,,,15,,,,#REF!,,,#REF!,,RtS,,,,,,,,,,RtS-TS,Paired,,,15,MOCP-0110p15,"MOCP-0110p15,",,,,,,,,,,,,,
351,lpxcC165_arab_0.0312_90min_P4_rep1,AGAGGACCT,CCAACAGA,CCATTCGA,NC_008463.1,,,,15,,,,#REF!,,,#REF!,,RtS,,,,,,,,,,RtS-TS,Paired,,,15,MOCP-0110p15,"MOCP-0110p15,",,,,,,,,,,,,,
352,lpxcC165_arab_0_90min_P4_rep1,GGCCGGTAT,CCAACAGA,CCATTCGA,NC_008463.1,,,,15,,,,#REF!,,,#REF!,,RtS,,,,,,,,,,RtS-TS,Paired,,,15,MOCP-0110p15,"MOCP-0110p15,",,,,,,,,,,,,,
353,lpxcC165_arab_0.5_90min_P4_rep2,GCCGAGGGT,CCAACAGA,CCATTCGA,NC_008463.1,,,,15,,,,#REF!,,,#REF!,,RtS,,,,,,,,,,RtS-TS,Paired,,,15,MOCP-0110p15,"MOCP-0110p15,",,,,,,,,,,,,,
354,lpxcC165_arab_0.125_90min_P4_rep2,CGATCCAGT,CCAACAGA,CCATTCGA,NC_008463.1,,,,15,,,,#REF!,,,#REF!,,RtS,,,,,,,,,,RtS-TS,Paired,,,15,MOCP-0110p15,"MOCP-0110p15,",,,,,,,,,,,,,
355,lpxcC165_arab_0.0312_90min_P4_rep2,GTTAGAAAT,CCAACAGA,CCATTCGA,NC_008463.1,,,,15,,,,#REF!,,,#REF!,,RtS,,,,,,,,,,RtS-TS,Paired,,,15,MOCP-0110p15,"MOCP-0110p15,",,,,,,,,,,,,,
356,lpxcC165_arab_0_90min_P4_rep2,GGTACCGGT,CCAACAGA,CCATTCGA,NC_008463.1,,,,15,,,,#REF!,,,#REF!,,RtS,,,,,,,,,,RtS-TS,Paired,,,15,MOCP-0110p15,"MOCP-0110p15,",,,,,,,,,,,,,
357,lpxcC165_arab_0.5_90min_P4_rep3,TCGTCCGTT,CCAACAGA,CCATTCGA,NC_008463.1,,,,15,,,,#REF!,,,#REF!,,RtS,,,,,,,,,,RtS-TS,Paired,,,15,MOCP-0110p15,"MOCP-0110p15,",,,,,,,,,,,,,
358,lpxcC165_arab_0.125_90min_P4_rep3,TGAATATTT,CCAACAGA,CCATTCGA,NC_008463.1,,,,15,,,,#REF!,,,#REF!,,RtS,,,,,,,,,,RtS-TS,Paired,,,15,MOCP-0110p15,"MOCP-0110p15,",,,,,,,,,,,,,
359,lpxcC165_arab_0.0312_90min_P4_rep3,ATCTTTCCT,CCAACAGA,CCATTCGA,NC_008463.1,,,,15,,,,#REF!,,,#REF!,,RtS,,,,,,,,,,RtS-TS,Paired,,,15,MOCP-0110p15,"MOCP-0110p15,",,,,,,,,,,,,,
360,lpxcC165_arab_0_90min_P4_rep3,CCAGGAGTT,CCAACAGA,CCATTCGA,NC_008463.1,,,,15,,,,#REF!,,,#REF!,,RtS,,,,,,,,,,RtS-TS,Paired,,,15,MOCP-0110p15,"MOCP-0110p15,",,,,,,,,,,,,,
361,dxrC169_arab_0.5_90min_P4_rep1,CGACTTGGT,#N/A,#N/A,NC_008463.1,,,,16,,,,#REF!,,,#REF!,,RtS,,,,,,,,,,RtS-TS,Paired,,,16,MOCP-0110p16,"MOCP-0110p16,",,,,,,,,,,,,,
362,dxrC169_arab_0.125_90min_P4_rep1,GTGGCTGCT,#N/A,#N/A,NC_008463.1,,,,16,,,,#REF!,,,#REF!,,RtS,,,,,,,,,,RtS-TS,Paired,,,16,MOCP-0110p16,"MOCP-0110p16,",,,,,,,,,,,,,
363,dxrC169_arab_0.0312_90min_P4_rep1,GCAGTTACT,#N/A,#N/A,NC_008463.1,,,,16,,,,#REF!,,,#REF!,,RtS,,,,,,,,,,RtS-TS,Paired,,,16,MOCP-0110p16,"MOCP-0110p16,",,,,,,,,,,,,,
364,dxrC169_arab_0_90min_P4_rep1,CACGATGAT,#N/A,#N/A,NC_008463.1,,,,16,,,,#REF!,,,#REF!,,RtS,,,,,,,,,,RtS-TS,Paired,,,16,MOCP-0110p16,"MOCP-0110p16,",,,,,,,,,,,,,
365,dxrC169_arab_0.5_90min_P4_rep2,CGTGGTAAT,#N/A,#N/A,NC_008463.1,,,,16,,,,#REF!,,,#REF!,,RtS,,,,,,,,,,RtS-TS,Paired,,,16,MOCP-0110p16,"MOCP-0110p16,",,,,,,,,,,,,,
366,dxrC169_arab_0.125_90min_P4_rep2,ATAATTCTT,#N/A,#N/A,NC_008463.1,,,,16,,,,#REF!,,,#REF!,,RtS,,,,,,,,,,RtS-TS,Paired,,,16,MOCP-0110p16,"MOCP-0110p16,",,,,,,,,,,,,,
367,dxrC169_arab_0.0312_90min_P4_rep2,CTTGGGCCT,#N/A,#N/A,NC_008463.1,,,,16,,,,#REF!,,,#REF!,,RtS,,,,,,,,,,RtS-TS,Paired,,,16,MOCP-0110p16,"MOCP-0110p16,",,,,,,,,,,,,,
368,dxrC169_arab_0_90min_P4_rep2,ATGTTGTAT,#N/A,#N/A,NC_008463.1,,,,16,,,,#REF!,,,#REF!,,RtS,,,,,,,,,,RtS-TS,Paired,,,16,MOCP-0110p16,"MOCP-0110p16,",,,,,,,,,,,,,
369,dxrC169_arab_0.5_90min_P4_rep3,CTGGTTCAT,#N/A,#N/A,NC_008463.1,,,,16,,,,#REF!,,,#REF!,,RtS,,,,,,,,,,RtS-TS,Paired,,,16,MOCP-0110p16,"MOCP-0110p16,",,,,,,,,,,,,,
370,dxrC169_arab_0.125_90min_P4_rep3,GTCCATATT,#N/A,#N/A,NC_008463.1,,,,16,,,,#REF!,,,#REF!,,RtS,,,,,,,,,,RtS-TS,Paired,,,16,MOCP-0110p16,"MOCP-0110p16,",,,,,,,,,,,,,
371,dxrC169_arab_0.0312_90min_P4_rep3,GCGAGTTGT,#N/A,#N/A,NC_008463.1,,,,16,,,,#REF!,,,#REF!,,RtS,,,,,,,,,,RtS-TS,Paired,,,16,MOCP-0110p16,"MOCP-0110p16,",,,,,,,,,,,,,
372,dxrC169_arab_0_90min_P4_rep3,GCCCTCCGT,#N/A,#N/A,NC_008463.1,,,,16,,,,#REF!,,,#REF!,,RtS,,,,,,,,,,RtS-TS,Paired,,,16,MOCP-0110p16,"MOCP-0110p16,",,,,,,,,,,,,,
373,mreBC78_arab_0.5_90min_P4_rep1,AATAATGTT,#N/A,#N/A,NC_008463.1,,,,16,,,,#REF!,,,#REF!,,RtS,,,,,,,,,,RtS-TS,Paired,,,16,MOCP-0110p16,"MOCP-0110p16,",,,,,,,,,,,,,
374,mreBC78_arab_0.125_90min_P4_rep1,CAAGTGATT,#N/A,#N/A,NC_008463.1,,,,16,,,,#REF!,,,#REF!,,RtS,,,,,,,,,,RtS-TS,Paired,,,16,MOCP-0110p16,"MOCP-0110p16,",,,,,,,,,,,,,
375,mreBC78_arab_0.0312_90min_P4_rep1,AAGACGGGT,#N/A,#N/A,NC_008463.1,,,,16,,,,#REF!,,,#REF!,,RtS,,,,,,,,,,RtS-TS,Paired,,,16,MOCP-0110p16,"MOCP-0110p16,",,,,,,,,,,,,,
376,mreBC78_arab_0_90min_P4_rep1,GTACCGAGT,#N/A,#N/A,NC_008463.1,,,,16,,,,#REF!,,,#REF!,,RtS,,,,,,,,,,RtS-TS,Paired,,,16,MOCP-0110p16,"MOCP-0110p16,",,,,,,,,,,,,,
377,mreBC78_arab_0.5_90min_P4_rep2,CGCCAGACT,#N/A,#N/A,NC_008463.1,,,,16,,,,#REF!,,,#REF!,,RtS,,,,,,,,,,RtS-TS,Paired,,,16,MOCP-0110p16,"MOCP-0110p16,",,,,,,,,,,,,,
378,mreBC78_arab_0.125_90min_P4_rep2,CCGCGGGAT,#N/A,#N/A,NC_008463.1,,,,16,,,,#REF!,,,#REF!,,RtS,,,,,,,,,,RtS-TS,Paired,,,16,MOCP-0110p16,"MOCP-0110p16,",,,,,,,,,,,,,
379,mreBC78_arab_0.0312_90min_P4_rep2,AAGTGCCGT,#N/A,#N/A,NC_008463.1,,,,16,,,,#REF!,,,#REF!,,RtS,,,,,,,,,,RtS-TS,Paired,,,16,MOCP-0110p16,"MOCP-0110p16,",,,,,,,,,,,,,
380,mreBC78_arab_0_90min_P4_rep2,ACAATCTCT,#N/A,#N/A,NC_008463.1,,,,16,,,,#REF!,,,#REF!,,RtS,,,,,,,,,,RtS-TS,Paired,,,16,MOCP-0110p16,"MOCP-0110p16,",,,,,,,,,,,,,
381,mreBC78_arab_0.5_90min_P4_rep3,CATCTGTAT,#N/A,#N/A,NC_008463.1,,,,16,,,,#REF!,,,#REF!,,RtS,,,,,,,,,,RtS-TS,Paired,,,16,MOCP-0110p16,"MOCP-0110p16,",,,,,,,,,,,,,
382,mreBC78_arab_0.125_90min_P4_rep3,GTCTCCCAT,#N/A,#N/A,NC_008463.1,,,,16,,,,#REF!,,,#REF!,,RtS,,,,,,,,,,RtS-TS,Paired,,,16,MOCP-0110p16,"MOCP-0110p16,",,,,,,,,,,,,,
383,mreBC78_arab_0.0312_90min_P4_rep3,CTGTAGGGT,#N/A,#N/A,NC_008463.1,,,,16,,,,#REF!,,,#REF!,,RtS,,,,,,,,,,RtS-TS,Paired,,,16,MOCP-0110p16,"MOCP-0110p16,",,,,,,,,,,,,,
384,mreBC78_arab_0_90min_P4_rep3,AGTTAGAGT,#N/A,#N/A,NC_008463.1,,,,16,,,,#REF!,,,#REF!,,RtS,,,,,,,,,,RtS-TS,Paired,,,16,MOCP-0110p16,"MOCP-0110p16,",,,,,,,,,,,,,
385,ctrlC26_arab_0.5_180min_P5_rep1,CGACTTGGT,GAACATAC,TTCCTGTT,NC_008463.1,,,,17,,,,#REF!,,,#REF!,,RtS,,,,,,,,,,RtS-TS,Paired,,,17,MOCP-0110p17,"MOCP-0110p17,",,,,,,,,,,,,,
386,ctrlC26_arab_0.125_180min_P5_rep1,GTGGCTGCT,GAACATAC,TTCCTGTT,NC_008463.1,,,,17,,,,#REF!,,,#REF!,,RtS,,,,,,,,,,RtS-TS,Paired,,,17,MOCP-0110p17,"MOCP-0110p17,",,,,,,,,,,,,,
387,ctrlC26_arab_0.0312_180min_P5_rep1,GCAGTTACT,GAACATAC,TTCCTGTT,NC_008463.1,,,,17,,,,#REF!,,,#REF!,,RtS,,,,,,,,,,RtS-TS,Paired,,,17,MOCP-0110p17,"MOCP-0110p17,",,,,,,,,,,,,,
388,ctrlC26_arab_0_180min_P5_rep1,CACGATGAT,GAACATAC,TTCCTGTT,NC_008463.1,,,,17,,,,#REF!,,,#REF!,,RtS,,,,,,,,,,RtS-TS,Paired,,,17,MOCP-0110p17,"MOCP-0110p17,",,,,,,,,,,,,,
389,ctrlC26_arab_0.5_180min_P5_rep2,CGTGGTAAT,GAACATAC,TTCCTGTT,NC_008463.1,,,,17,,,,#REF!,,,#REF!,,RtS,,,,,,,,,,RtS-TS,Paired,,,17,MOCP-0110p17,"MOCP-0110p17,",,,,,,,,,,,,,
390,ctrlC26_arab_0.125_180min_P5_rep2,ATAATTCTT,GAACATAC,TTCCTGTT,NC_008463.1,,,,17,,,,#REF!,,,#REF!,,RtS,,,,,,,,,,RtS-TS,Paired,,,17,MOCP-0110p17,"MOCP-0110p17,",,,,,,,,,,,,,
391,ctrlC26_arab_0.0312_180min_P5_rep2,CTTGGGCCT,GAACATAC,TTCCTGTT,NC_008463.1,,,,17,,,,#REF!,,,#REF!,,RtS,,,,,,,,,,RtS-TS,Paired,,,17,MOCP-0110p17,"MOCP-0110p17,",,,,,,,,,,,,,
392,ctrlC26_arab_0_180min_P5_rep2,ATGTTGTAT,GAACATAC,TTCCTGTT,NC_008463.1,,,,17,,,,#REF!,,,#REF!,,RtS,,,,,,,,,,RtS-TS,Paired,,,17,MOCP-0110p17,"MOCP-0110p17,",,,,,,,,,,,,,
393,ctrlC26_arab_0.5_180min_P5_rep3,CTGGTTCAT,GAACATAC,TTCCTGTT,NC_008463.1,,,,17,,,,#REF!,,,#REF!,,RtS,,,,,,,,,,RtS-TS,Paired,,,17,MOCP-0110p17,"MOCP-0110p17,",,,,,,,,,,,,,
394,ctrlC26_arab_0.125_180min_P5_rep3,GTCCATATT,GAACATAC,TTCCTGTT,NC_008463.1,,,,17,,,,#REF!,,,#REF!,,RtS,,,,,,,,,,RtS-TS,Paired,,,17,MOCP-0110p17,"MOCP-0110p17,",,,,,,,,,,,,,
395,ctrlC26_arab_0.0312_180min_P5_rep3,GCGAGTTGT,GAACATAC,TTCCTGTT,NC_008463.1,,,,17,,,,#REF!,,,#REF!,,RtS,,,,,,,,,,RtS-TS,Paired,,,17,MOCP-0110p17,"MOCP-0110p17,",,,,,,,,,,,,,
396,ctrlC26_arab_0_180min_P5_rep3,GCCCTCCGT,GAACATAC,TTCCTGTT,NC_008463.1,,,,17,,,,#REF!,,,#REF!,,RtS,,,,,,,,,,RtS-TS,Paired,,,17,MOCP-0110p17,"MOCP-0110p17,",,,,,,,,,,,,,
397,dhfRC117_arab_0.5_180min_P5_rep1,AATAATGTT,GAACATAC,TTCCTGTT,NC_008463.1,,,,17,,,,#REF!,,,#REF!,,RtS,,,,,,,,,,RtS-TS,Paired,,,17,MOCP-0110p17,"MOCP-0110p17,",,,,,,,,,,,,,
398,dhfRC117_arab_0.125_180min_P5_rep1,CAAGTGATT,GAACATAC,TTCCTGTT,NC_008463.1,,,,17,,,,#REF!,,,#REF!,,RtS,,,,,,,,,,RtS-TS,Paired,,,17,MOCP-0110p17,"MOCP-0110p17,",,,,,,,,,,,,,
399,dhfRC117_arab_0.0312_180min_P5_rep1,AAGACGGGT,GAACATAC,TTCCTGTT,NC_008463.1,,,,17,,,,#REF!,,,#REF!,,RtS,,,,,,,,,,RtS-TS,Paired,,,17,MOCP-0110p17,"MOCP-0110p17,",,,,,,,,,,,,,
400,dhfRC117_arab_0_180min_P5_rep1,GTACCGAGT,GAACATAC,TTCCTGTT,NC_008463.1,,,,17,,,,#REF!,,,#REF!,,RtS,,,,,,,,,,RtS-TS,Paired,,,17,MOCP-0110p17,"MOCP-0110p17,",,,,,,,,,,,,,
401,dhfRC117_arab_0.5_180min_P5_rep2,CGCCAGACT,GAACATAC,TTCCTGTT,NC_008463.1,,,,17,,,,#REF!,,,#REF!,,RtS,,,,,,,,,,RtS-TS,Paired,,,17,MOCP-0110p17,"MOCP-0110p17,",,,,,,,,,,,,,
402,dhfRC117_arab_0.125_180min_P5_rep2,CCGCGGGAT,GAACATAC,TTCCTGTT,NC_008463.1,,,,17,,,,#REF!,,,#REF!,,RtS,,,,,,,,,,RtS-TS,Paired,,,17,MOCP-0110p17,"MOCP-0110p17,",,,,,,,,,,,,,
403,dhfRC117_arab_0.0312_180min_P5_rep2,AAGTGCCGT,GAACATAC,TTCCTGTT,NC_008463.1,,,,17,,,,#REF!,,,#REF!,,RtS,,,,,,,,,,RtS-TS,Paired,,,17,MOCP-0110p17,"MOCP-0110p17,",,,,,,,,,,,,,
404,dhfRC117_arab_0_180min_P5_rep2,ACAATCTCT,GAACATAC,TTCCTGTT,NC_008463.1,,,,17,,,,#REF!,,,#REF!,,RtS,,,,,,,,,,RtS-TS,Paired,,,17,MOCP-0110p17,"MOCP-0110p17,",,,,,,,,,,,,,
405,dhfRC117_arab_0.5_180min_P5_rep3,CATCTGTAT,GAACATAC,TTCCTGTT,NC_008463.1,,,,17,,,,#REF!,,,#REF!,,RtS,,,,,,,,,,RtS-TS,Paired,,,17,MOCP-0110p17,"MOCP-0110p17,",,,,,,,,,,,,,
406,dhfRC117_arab_0.125_180min_P5_rep3,GTCTCCCAT,GAACATAC,TTCCTGTT,NC_008463.1,,,,17,,,,#REF!,,,#REF!,,RtS,,,,,,,,,,RtS-TS,Paired,,,17,MOCP-0110p17,"MOCP-0110p17,",,,,,,,,,,,,,
407,dhfRC117_arab_0.0312_180min_P5_rep3,CTGTAGGGT,GAACATAC,TTCCTGTT,NC_008463.1,,,,17,,,,#REF!,,,#REF!,,RtS,,,,,,,,,,RtS-TS,Paired,,,17,MOCP-0110p17,"MOCP-0110p17,",,,,,,,,,,,,,
408,dhfRC117_arab_0_180min_P5_rep3,AGTTAGAGT,GAACATAC,TTCCTGTT,NC_008463.1,,,,17,,,,#REF!,,,#REF!,,RtS,,,,,,,,,,RtS-TS,Paired,,,17,MOCP-0110p17,"MOCP-0110p17,",,,,,,,,,,,,,
409,gyrAC131_arab_0.5_180min_P5_rep1,CAACACTTT,GTGCGATA,ACACTAAG,NC_008463.1,,,,18,,,,#REF!,,,#REF!,,RtS,,,,,,,,,,RtS-TS,Paired,,,18,MOCP-0110p18,"MOCP-0110p18,",,,,,,,,,,,,,
410,gyrAC131_arab_0.125_180min_P5_rep1,GATGGCTCT,GTGCGATA,ACACTAAG,NC_008463.1,,,,18,,,,#REF!,,,#REF!,,RtS,,,,,,,,,,RtS-TS,Paired,,,18,MOCP-0110p18,"MOCP-0110p18,",,,,,,,,,,,,,
411,gyrAC131_arab_0.0312_180min_P5_rep1,AGAGGACCT,GTGCGATA,ACACTAAG,NC_008463.1,,,,18,,,,#REF!,,,#REF!,,RtS,,,,,,,,,,RtS-TS,Paired,,,18,MOCP-0110p18,"MOCP-0110p18,",,,,,,,,,,,,,
412,gyrAC131_arab_0_180min_P5_rep1,GGCCGGTAT,GTGCGATA,ACACTAAG,NC_008463.1,,,,18,,,,#REF!,,,#REF!,,RtS,,,,,,,,,,RtS-TS,Paired,,,18,MOCP-0110p18,"MOCP-0110p18,",,,,,,,,,,,,,
413,gyrAC131_arab_0.5_180min_P5_rep2,GCCGAGGGT,GTGCGATA,ACACTAAG,NC_008463.1,,,,18,,,,#REF!,,,#REF!,,RtS,,,,,,,,,,RtS-TS,Paired,,,18,MOCP-0110p18,"MOCP-0110p18,",,,,,,,,,,,,,
414,gyrAC131_arab_0.125_180min_P5_rep2,CGATCCAGT,GTGCGATA,ACACTAAG,NC_008463.1,,,,18,,,,#REF!,,,#REF!,,RtS,,,,,,,,,,RtS-TS,Paired,,,18,MOCP-0110p18,"MOCP-0110p18,",,,,,,,,,,,,,
415,gyrAC131_arab_0.0312_180min_P5_rep2,GTTAGAAAT,GTGCGATA,ACACTAAG,NC_008463.1,,,,18,,,,#REF!,,,#REF!,,RtS,,,,,,,,,,RtS-TS,Paired,,,18,MOCP-0110p18,"MOCP-0110p18,",,,,,,,,,,,,,
416,gyrAC131_arab_0_180min_P5_rep2,GGTACCGGT,GTGCGATA,ACACTAAG,NC_008463.1,,,,18,,,,#REF!,,,#REF!,,RtS,,,,,,,,,,RtS-TS,Paired,,,18,MOCP-0110p18,"MOCP-0110p18,",,,,,,,,,,,,,
417,gyrAC131_arab_0.5_180min_P5_rep3,TCGTCCGTT,GTGCGATA,ACACTAAG,NC_008463.1,,,,18,,,,#REF!,,,#REF!,,RtS,,,,,,,,,,RtS-TS,Paired,,,18,MOCP-0110p18,"MOCP-0110p18,",,,,,,,,,,,,,
418,gyrAC131_arab_0.125_180min_P5_rep3,TGAATATTT,GTGCGATA,ACACTAAG,NC_008463.1,,,,18,,,,#REF!,,,#REF!,,RtS,,,,,,,,,,RtS-TS,Paired,,,18,MOCP-0110p18,"MOCP-0110p18,",,,,,,,,,,,,,
419,gyrAC131_arab_0.0312_180min_P5_rep3,ATCTTTCCT,GTGCGATA,ACACTAAG,NC_008463.1,,,,18,,,,#REF!,,,#REF!,,RtS,,,,,,,,,,RtS-TS,Paired,,,18,MOCP-0110p18,"MOCP-0110p18,",,,,,,,,,,,,,
420,gyrAC131_arab_0_180min_P5_rep3,CCAGGAGTT,GTGCGATA,ACACTAAG,NC_008463.1,,,,18,,,,#REF!,,,#REF!,,RtS,,,,,,,,,,RtS-TS,Paired,,,18,MOCP-0110p18,"MOCP-0110p18,",,,,,,,,,,,,,
421,murAC119_arab_0.5_180min_P5_rep1,CGACTTGGT,GTGCGATA,ACACTAAG,NC_008463.1,,,,18,,,,#REF!,,,#REF!,,RtS,,,,,,,,,,RtS-TS,Paired,,,18,MOCP-0110p18,"MOCP-0110p18,",,,,,,,,,,,,,
422,murAC119_arab_0.125_180min_P5_rep1,GTGGCTGCT,GTGCGATA,ACACTAAG,NC_008463.1,,,,18,,,,#REF!,,,#REF!,,RtS,,,,,,,,,,RtS-TS,Paired,,,18,MOCP-0110p18,"MOCP-0110p18,",,,,,,,,,,,,,
423,murAC119_arab_0.0312_180min_P5_rep1,GCAGTTACT,GTGCGATA,ACACTAAG,NC_008463.1,,,,18,,,,#REF!,,,#REF!,,RtS,,,,,,,,,,RtS-TS,Paired,,,18,MOCP-0110p18,"MOCP-0110p18,",,,,,,,,,,,,,
424,murAC119_arab_0_180min_P5_rep1,CACGATGAT,GTGCGATA,ACACTAAG,NC_008463.1,,,,18,,,,#REF!,,,#REF!,,RtS,,,,,,,,,,RtS-TS,Paired,,,18,MOCP-0110p18,"MOCP-0110p18,",,,,,,,,,,,,,
425,murAC119_arab_0.5_180min_P5_rep2,CGTGGTAAT,GTGCGATA,ACACTAAG,NC_008463.1,,,,18,,,,#REF!,,,#REF!,,RtS,,,,,,,,,,RtS-TS,Paired,,,18,MOCP-0110p18,"MOCP-0110p18,",,,,,,,,,,,,,
426,murAC119_arab_0.125_180min_P5_rep2,ATAATTCTT,GTGCGATA,ACACTAAG,NC_008463.1,,,,18,,,,#REF!,,,#REF!,,RtS,,,,,,,,,,RtS-TS,Paired,,,18,MOCP-0110p18,"MOCP-0110p18,",,,,,,,,,,,,,
427,murAC119_arab_0.0312_180min_P5_rep2,CTTGGGCCT,GTGCGATA,ACACTAAG,NC_008463.1,,,,18,,,,#REF!,,,#REF!,,RtS,,,,,,,,,,RtS-TS,Paired,,,18,MOCP-0110p18,"MOCP-0110p18,",,,,,,,,,,,,,
428,murAC119_arab_0_180min_P5_rep2,ATGTTGTAT,GTGCGATA,ACACTAAG,NC_008463.1,,,,18,,,,#REF!,,,#REF!,,RtS,,,,,,,,,,RtS-TS,Paired,,,18,MOCP-0110p18,"MOCP-0110p18,",,,,,,,,,,,,,
429,murAC119_arab_0.5_180min_P5_rep3,CTGGTTCAT,GTGCGATA,ACACTAAG,NC_008463.1,,,,18,,,,#REF!,,,#REF!,,RtS,,,,,,,,,,RtS-TS,Paired,,,18,MOCP-0110p18,"MOCP-0110p18,",,,,,,,,,,,,,
430,murAC119_arab_0.125_180min_P5_rep3,GTCCATATT,GTGCGATA,ACACTAAG,NC_008463.1,,,,18,,,,#REF!,,,#REF!,,RtS,,,,,,,,,,RtS-TS,Paired,,,18,MOCP-0110p18,"MOCP-0110p18,",,,,,,,,,,,,,
431,murAC119_arab_0.0312_180min_P5_rep3,GCGAGTTGT,GTGCGATA,ACACTAAG,NC_008463.1,,,,18,,,,#REF!,,,#REF!,,RtS,,,,,,,,,,RtS-TS,Paired,,,18,MOCP-0110p18,"MOCP-0110p18,",,,,,,,,,,,,,
432,murAC119_arab_0_180min_P5_rep3,GCCCTCCGT,GTGCGATA,ACACTAAG,NC_008463.1,,,,18,,,,#REF!,,,#REF!,,RtS,,,,,,,,,,RtS-TS,Paired,,,18,MOCP-0110p18,"MOCP-0110p18,",,,,,,,,,,,,,
433,lptDC136_arab_0.5_180min_P5_rep1,AATAATGTT,TATGAGTA,GCCACAGG,NC_008463.1,,,,19,,,,#REF!,,,#REF!,,RtS,,,,,,,,,,RtS-TS,Paired,,,19,MOCP-0110p19,"MOCP-0110p19,",,,,,,,,,,,,,
434,lptDC136_arab_0.125_180min_P5_rep1,CAAGTGATT,TATGAGTA,GCCACAGG,NC_008463.1,,,,19,,,,#REF!,,,#REF!,,RtS,,,,,,,,,,RtS-TS,Paired,,,19,MOCP-0110p19,"MOCP-0110p19,",,,,,,,,,,,,,
435,lptDC136_arab_0.0312_180min_P5_rep1,AAGACGGGT,TATGAGTA,GCCACAGG,NC_008463.1,,,,19,,,,#REF!,,,#REF!,,RtS,,,,,,,,,,RtS-TS,Paired,,,19,MOCP-0110p19,"MOCP-0110p19,",,,,,,,,,,,,,
436,lptDC136_arab_0_180min_P5_rep1,GTACCGAGT,TATGAGTA,GCCACAGG,NC_008463.1,,,,19,,,,#REF!,,,#REF!,,RtS,,,,,,,,,,RtS-TS,Paired,,,19,MOCP-0110p19,"MOCP-0110p19,",,,,,,,,,,,,,
437,lptDC136_arab_0.5_180min_P5_rep2,CGCCAGACT,TATGAGTA,GCCACAGG,NC_008463.1,,,,19,,,,#REF!,,,#REF!,,RtS,,,,,,,,,,RtS-TS,Paired,,,19,MOCP-0110p19,"MOCP-0110p19,",,,,,,,,,,,,,
438,lptDC136_arab_0.125_180min_P5_rep2,CCGCGGGAT,TATGAGTA,GCCACAGG,NC_008463.1,,,,19,,,,#REF!,,,#REF!,,RtS,,,,,,,,,,RtS-TS,Paired,,,19,MOCP-0110p19,"MOCP-0110p19,",,,,,,,,,,,,,
439,lptDC136_arab_0.0312_180min_P5_rep2,AAGTGCCGT,TATGAGTA,GCCACAGG,NC_008463.1,,,,19,,,,#REF!,,,#REF!,,RtS,,,,,,,,,,RtS-TS,Paired,,,19,MOCP-0110p19,"MOCP-0110p19,",,,,,,,,,,,,,
440,lptDC136_arab_0_180min_P5_rep2,ACAATCTCT,TATGAGTA,GCCACAGG,NC_008463.1,,,,19,,,,#REF!,,,#REF!,,RtS,,,,,,,,,,RtS-TS,Paired,,,19,MOCP-0110p19,"MOCP-0110p19,",,,,,,,,,,,,,
441,lptDC136_arab_0.5_180min_P5_rep3,CATCTGTAT,TATGAGTA,GCCACAGG,NC_008463.1,,,,19,,,,#REF!,,,#REF!,,RtS,,,,,,,,,,RtS-TS,Paired,,,19,MOCP-0110p19,"MOCP-0110p19,",,,,,,,,,,,,,
442,lptDC136_arab_0.125_180min_P5_rep3,GTCTCCCAT,TATGAGTA,GCCACAGG,NC_008463.1,,,,19,,,,#REF!,,,#REF!,,RtS,,,,,,,,,,RtS-TS,Paired,,,19,MOCP-0110p19,"MOCP-0110p19,",,,,,,,,,,,,,
443,lptDC136_arab_0.0312_180min_P5_rep3,CTGTAGGGT,TATGAGTA,GCCACAGG,NC_008463.1,,,,19,,,,#REF!,,,#REF!,,RtS,,,,,,,,,,RtS-TS,Paired,,,19,MOCP-0110p19,"MOCP-0110p19,",,,,,,,,,,,,,
444,lptDC136_arab_0_180min_P5_rep3,AGTTAGAGT,TATGAGTA,GCCACAGG,NC_008463.1,,,,19,,,,#REF!,,,#REF!,,RtS,,,,,,,,,,RtS-TS,Paired,,,19,MOCP-0110p19,"MOCP-0110p19,",,,,,,,,,,,,,
445,lpxcC165_arab_0.5_180min_P5_rep1,CAACACTTT,TATGAGTA,GCCACAGG,NC_008463.1,,,,19,,,,#REF!,,,#REF!,,RtS,,,,,,,,,,RtS-TS,Paired,,,19,MOCP-0110p19,"MOCP-0110p19,",,,,,,,,,,,,,
446,lpxcC165_arab_0.125_180min_P5_rep1,GATGGCTCT,TATGAGTA,GCCACAGG,NC_008463.1,,,,19,,,,#REF!,,,#REF!,,RtS,,,,,,,,,,RtS-TS,Paired,,,19,MOCP-0110p19,"MOCP-0110p19,",,,,,,,,,,,,,
447,lpxcC165_arab_0.0312_180min_P5_rep1,AGAGGACCT,TATGAGTA,GCCACAGG,NC_008463.1,,,,19,,,,#REF!,,,#REF!,,RtS,,,,,,,,,,RtS-TS,Paired,,,19,MOCP-0110p19,"MOCP-0110p19,",,,,,,,,,,,,,
448,lpxcC165_arab_0_180min_P5_rep1,GGCCGGTAT,TATGAGTA,GCCACAGG,NC_008463.1,,,,19,,,,#REF!,,,#REF!,,RtS,,,,,,,,,,RtS-TS,Paired,,,19,MOCP-0110p19,"MOCP-0110p19,",,,,,,,,,,,,,
449,lpxcC165_arab_0.5_180min_P5_rep2,GCCGAGGGT,TATGAGTA,GCCACAGG,NC_008463.1,,,,19,,,,#REF!,,,#REF!,,RtS,,,,,,,,,,RtS-TS,Paired,,,19,MOCP-0110p19,"MOCP-0110p19,",,,,,,,,,,,,,
450,lpxcC165_arab_0.125_180min_P5_rep2,CGATCCAGT,TATGAGTA,GCCACAGG,NC_008463.1,,,,19,,,,#REF!,,,#REF!,,RtS,,,,,,,,,,RtS-TS,Paired,,,19,MOCP-0110p19,"MOCP-0110p19,",,,,,,,,,,,,,
451,lpxcC165_arab_0.0312_180min_P5_rep2,GTTAGAAAT,TATGAGTA,GCCACAGG,NC_008463.1,,,,19,,,,#REF!,,,#REF!,,RtS,,,,,,,,,,RtS-TS,Paired,,,19,MOCP-0110p19,"MOCP-0110p19,",,,,,,,,,,,,,
452,lpxcC165_arab_0_180min_P5_rep2,GGTACCGGT,TATGAGTA,GCCACAGG,NC_008463.1,,,,19,,,,#REF!,,,#REF!,,RtS,,,,,,,,,,RtS-TS,Paired,,,19,MOCP-0110p19,"MOCP-0110p19,",,,,,,,,,,,,,
453,lpxcC165_arab_0.5_180min_P5_rep3,TCGTCCGTT,TATGAGTA,GCCACAGG,NC_008463.1,,,,19,,,,#REF!,,,#REF!,,RtS,,,,,,,,,,RtS-TS,Paired,,,19,MOCP-0110p19,"MOCP-0110p19,",,,,,,,,,,,,,
454,lpxcC165_arab_0.125_180min_P5_rep3,TGAATATTT,TATGAGTA,GCCACAGG,NC_008463.1,,,,19,,,,#REF!,,,#REF!,,RtS,,,,,,,,,,RtS-TS,Paired,,,19,MOCP-0110p19,"MOCP-0110p19,",,,,,,,,,,,,,
455,lpxcC165_arab_0.0312_180min_P5_rep3,ATCTTTCCT,TATGAGTA,GCCACAGG,NC_008463.1,,,,19,,,,#REF!,,,#REF!,,RtS,,,,,,,,,,RtS-TS,Paired,,,19,MOCP-0110p19,"MOCP-0110p19,",,,,,,,,,,,,,
456,lpxcC165_arab_0_180min_P5_rep3,CCAGGAGTT,TATGAGTA,GCCACAGG,NC_008463.1,,,,19,,,,#REF!,,,#REF!,,RtS,,,,,,,,,,RtS-TS,Paired,,,19,MOCP-0110p19,"MOCP-0110p19,",,,,,,,,,,,,,
457,dxrC169_arab_0.5_180min_P5_rep1,CGACTTGGT,CGCAGACG,ATTGTGAA,NC_008463.1,,,,20,,,,#REF!,,,#REF!,,RtS,,,,,,,,,,RtS-TS,Paired,,,20,MOCP-0110p20,"MOCP-0110p20,",,,,,,,,,,,,,
458,dxrC169_arab_0.125_180min_P5_rep1,GTGGCTGCT,CGCAGACG,ATTGTGAA,NC_008463.1,,,,20,,,,#REF!,,,#REF!,,RtS,,,,,,,,,,RtS-TS,Paired,,,20,MOCP-0110p20,"MOCP-0110p20,",,,,,,,,,,,,,
459,dxrC169_arab_0.0312_180min_P5_rep1,GCAGTTACT,CGCAGACG,ATTGTGAA,NC_008463.1,,,,20,,,,#REF!,,,#REF!,,RtS,,,,,,,,,,RtS-TS,Paired,,,20,MOCP-0110p20,"MOCP-0110p20,",,,,,,,,,,,,,
460,dxrC169_arab_0_180min_P5_rep1,CACGATGAT,CGCAGACG,ATTGTGAA,NC_008463.1,,,,20,,,,#REF!,,,#REF!,,RtS,,,,,,,,,,RtS-TS,Paired,,,20,MOCP-0110p20,"MOCP-0110p20,",,,,,,,,,,,,,
461,dxrC169_arab_0.5_180min_P5_rep2,CGTGGTAAT,CGCAGACG,ATTGTGAA,NC_008463.1,,,,20,,,,#REF!,,,#REF!,,RtS,,,,,,,,,,RtS-TS,Paired,,,20,MOCP-0110p20,"MOCP-0110p20,",,,,,,,,,,,,,
462,dxrC169_arab_0.125_180min_P5_rep2,ATAATTCTT,CGCAGACG,ATTGTGAA,NC_008463.1,,,,20,,,,#REF!,,,#REF!,,RtS,,,,,,,,,,RtS-TS,Paired,,,20,MOCP-0110p20,"MOCP-0110p20,",,,,,,,,,,,,,
463,dxrC169_arab_0.0312_180min_P5_rep2,CTTGGGCCT,CGCAGACG,ATTGTGAA,NC_008463.1,,,,20,,,,#REF!,,,#REF!,,RtS,,,,,,,,,,RtS-TS,Paired,,,20,MOCP-0110p20,"MOCP-0110p20,",,,,,,,,,,,,,
464,dxrC169_arab_0_180min_P5_rep2,ATGTTGTAT,CGCAGACG,ATTGTGAA,NC_008463.1,,,,20,,,,#REF!,,,#REF!,,RtS,,,,,,,,,,RtS-TS,Paired,,,20,MOCP-0110p20,"MOCP-0110p20,",,,,,,,,,,,,,
465,dxrC169_arab_0.5_180min_P5_rep3,CTGGTTCAT,CGCAGACG,ATTGTGAA,NC_008463.1,,,,20,,,,#REF!,,,#REF!,,RtS,,,,,,,,,,RtS-TS,Paired,,,20,MOCP-0110p20,"MOCP-0110p20,",,,,,,,,,,,,,
466,dxrC169_arab_0.125_180min_P5_rep3,GTCCATATT,CGCAGACG,ATTGTGAA,NC_008463.1,,,,20,,,,#REF!,,,#REF!,,RtS,,,,,,,,,,RtS-TS,Paired,,,20,MOCP-0110p20,"MOCP-0110p20,",,,,,,,,,,,,,
467,dxrC169_arab_0.0312_180min_P5_rep3,GCGAGTTGT,CGCAGACG,ATTGTGAA,NC_008463.1,,,,20,,,,#REF!,,,#REF!,,RtS,,,,,,,,,,RtS-TS,Paired,,,20,MOCP-0110p20,"MOCP-0110p20,",,,,,,,,,,,,,
468,dxrC169_arab_0_180min_P5_rep3,GCCCTCCGT,CGCAGACG,ATTGTGAA,NC_008463.1,,,,20,,,,#REF!,,,#REF!,,RtS,,,,,,,,,,RtS-TS,Paired,,,20,MOCP-0110p20,"MOCP-0110p20,",,,,,,,,,,,,,
469,mreBC78_arab_0.5_180min_P5_rep1,AATAATGTT,CGCAGACG,ATTGTGAA,NC_008463.1,,,,20,,,,#REF!,,,#REF!,,RtS,,,,,,,,,,RtS-TS,Paired,,,20,MOCP-0110p20,"MOCP-0110p20,",,,,,,,,,,,,,
470,mreBC78_arab_0.125_180min_P5_rep1,CAAGTGATT,CGCAGACG,ATTGTGAA,NC_008463.1,,,,20,,,,#REF!,,,#REF!,,RtS,,,,,,,,,,RtS-TS,Paired,,,20,MOCP-0110p20,"MOCP-0110p20,",,,,,,,,,,,,,
471,mreBC78_arab_0.0312_180min_P5_rep1,AAGACGGGT,CGCAGACG,ATTGTGAA,NC_008463.1,,,,20,,,,#REF!,,,#REF!,,RtS,,,,,,,,,,RtS-TS,Paired,,,20,MOCP-0110p20,"MOCP-0110p20,",,,,,,,,,,,,,
472,mreBC78_arab_0_180min_P5_rep1,GTACCGAGT,CGCAGACG,ATTGTGAA,NC_008463.1,,,,20,,,,#REF!,,,#REF!,,RtS,,,,,,,,,,RtS-TS,Paired,,,20,MOCP-0110p20,"MOCP-0110p20,",,,,,,,,,,,,,
473,mreBC78_arab_0.5_180min_P5_rep2,CGCCAGACT,CGCAGACG,ATTGTGAA,NC_008463.1,,,,20,,,,#REF!,,,#REF!,,RtS,,,,,,,,,,RtS-TS,Paired,,,20,MOCP-0110p20,"MOCP-0110p20,",,,,,,,,,,,,,
474,mreBC78_arab_0.125_180min_P5_rep2,CCGCGGGAT,CGCAGACG,ATTGTGAA,NC_008463.1,,,,20,,,,#REF!,,,#REF!,,RtS,,,,,,,,,,RtS-TS,Paired,,,20,MOCP-0110p20,"MOCP-0110p20,",,,,,,,,,,,,,
475,mreBC78_arab_0.0312_180min_P5_rep2,AAGTGCCGT,CGCAGACG,ATTGTGAA,NC_008463.1,,,,20,,,,#REF!,,,#REF!,,RtS,,,,,,,,,,RtS-TS,Paired,,,20,MOCP-0110p20,"MOCP-0110p20,",,,,,,,,,,,,,
476,mreBC78_arab_0_180min_P5_rep2,ACAATCTCT,CGCAGACG,ATTGTGAA,NC_008463.1,,,,20,,,,#REF!,,,#REF!,,RtS,,,,,,,,,,RtS-TS,Paired,,,20,MOCP-0110p20,"MOCP-0110p20,",,,,,,,,,,,,,
477,mreBC78_arab_0.5_180min_P5_rep3,CATCTGTAT,CGCAGACG,ATTGTGAA,NC_008463.1,,,,20,,,,#REF!,,,#REF!,,RtS,,,,,,,,,,RtS-TS,Paired,,,20,MOCP-0110p20,"MOCP-0110p20,",,,,,,,,,,,,,
478,mreBC78_arab_0.125_180min_P5_rep3,GTCTCCCAT,CGCAGACG,ATTGTGAA,NC_008463.1,,,,20,,,,#REF!,,,#REF!,,RtS,,,,,,,,,,RtS-TS,Paired,,,20,MOCP-0110p20,"MOCP-0110p20,",,,,,,,,,,,,,
479,mreBC78_arab_0.0312_180min_P5_rep3,CTGTAGGGT,CGCAGACG,ATTGTGAA,NC_008463.1,,,,20,,,,#REF!,,,#REF!,,RtS,,,,,,,,,,RtS-TS,Paired,,,20,MOCP-0110p20,"MOCP-0110p20,",,,,,,,,,,,,,
480,mreBC78_arab_0_180min_P5_rep3,AGTTAGAGT,CGCAGACG,ATTGTGAA,NC_008463.1,,,,20,,,,#REF!,,,#REF!,,RtS,,,,,,,,,,RtS-TS,Paired,,,20,MOCP-0110p20,"MOCP-0110p20,",,,,,,,,,,,,,
481,ctrlC26_arab_0.5_270min_P6_rep1,CGACTTGGT,GATATCGA,ACTCGTGT,NC_008463.1,,,,21,,,,#REF!,,,#REF!,,RtS,,,,,,,,,,RtS-TS,Paired,,,21,MOCP-0110p21,"MOCP-0110p21,",,,,,,,,,,,,,
482,ctrlC26_arab_0.125_270min_P6_rep1,GTGGCTGCT,GATATCGA,ACTCGTGT,NC_008463.1,,,,21,,,,#REF!,,,#REF!,,RtS,,,,,,,,,,RtS-TS,Paired,,,21,MOCP-0110p21,"MOCP-0110p21,",,,,,,,,,,,,,
483,ctrlC26_arab_0.0312_270min_P6_rep1,GCAGTTACT,GATATCGA,ACTCGTGT,NC_008463.1,,,,21,,,,#REF!,,,#REF!,,RtS,,,,,,,,,,RtS-TS,Paired,,,21,MOCP-0110p21,"MOCP-0110p21,",,,,,,,,,,,,,
484,ctrlC26_arab_0_270min_P6_rep1,CACGATGAT,GATATCGA,ACTCGTGT,NC_008463.1,,,,21,,,,#REF!,,,#REF!,,RtS,,,,,,,,,,RtS-TS,Paired,,,21,MOCP-0110p21,"MOCP-0110p21,",,,,,,,,,,,,,
485,ctrlC26_arab_0.5_270min_P6_rep2,CGTGGTAAT,GATATCGA,ACTCGTGT,NC_008463.1,,,,21,,,,#REF!,,,#REF!,,RtS,,,,,,,,,,RtS-TS,Paired,,,21,MOCP-0110p21,"MOCP-0110p21,",,,,,,,,,,,,,
486,ctrlC26_arab_0.125_270min_P6_rep2,ATAATTCTT,GATATCGA,ACTCGTGT,NC_008463.1,,,,21,,,,#REF!,,,#REF!,,RtS,,,,,,,,,,RtS-TS,Paired,,,21,MOCP-0110p21,"MOCP-0110p21,",,,,,,,,,,,,,
487,ctrlC26_arab_0.0312_270min_P6_rep2,CTTGGGCCT,GATATCGA,ACTCGTGT,NC_008463.1,,,,21,,,,#REF!,,,#REF!,,RtS,,,,,,,,,,RtS-TS,Paired,,,21,MOCP-0110p21,"MOCP-0110p21,",,,,,,,,,,,,,
488,ctrlC26_arab_0_270min_P6_rep2,ATGTTGTAT,GATATCGA,ACTCGTGT,NC_008463.1,,,,21,,,,#REF!,,,#REF!,,RtS,,,,,,,,,,RtS-TS,Paired,,,21,MOCP-0110p21,"MOCP-0110p21,",,,,,,,,,,,,,
489,ctrlC26_arab_0.5_270min_P6_rep3,CTGGTTCAT,GATATCGA,ACTCGTGT,NC_008463.1,,,,21,,,,#REF!,,,#REF!,,RtS,,,,,,,,,,RtS-TS,Paired,,,21,MOCP-0110p21,"MOCP-0110p21,",,,,,,,,,,,,,
490,ctrlC26_arab_0.125_270min_P6_rep3,GTCCATATT,GATATCGA,ACTCGTGT,NC_008463.1,,,,21,,,,#REF!,,,#REF!,,RtS,,,,,,,,,,RtS-TS,Paired,,,21,MOCP-0110p21,"MOCP-0110p21,",,,,,,,,,,,,,
491,ctrlC26_arab_0.0312_270min_P6_rep3,GCGAGTTGT,GATATCGA,ACTCGTGT,NC_008463.1,,,,21,,,,#REF!,,,#REF!,,RtS,,,,,,,,,,RtS-TS,Paired,,,21,MOCP-0110p21,"MOCP-0110p21,",,,,,,,,,,,,,
492,ctrlC26_arab_0_270min_P6_rep3,GCCCTCCGT,GATATCGA,ACTCGTGT,NC_008463.1,,,,21,,,,#REF!,,,#REF!,,RtS,,,,,,,,,,RtS-TS,Paired,,,21,MOCP-0110p21,"MOCP-0110p21,",,,,,,,,,,,,,
493,dhfRC117_arab_0.5_270min_P6_rep1,AATAATGTT,GATATCGA,ACTCGTGT,NC_008463.1,,,,21,,,,#REF!,,,#REF!,,RtS,,,,,,,,,,RtS-TS,Paired,,,21,MOCP-0110p21,"MOCP-0110p21,",,,,,,,,,,,,,
494,dhfRC117_arab_0.125_270min_P6_rep1,CAAGTGATT,GATATCGA,ACTCGTGT,NC_008463.1,,,,21,,,,#REF!,,,#REF!,,RtS,,,,,,,,,,RtS-TS,Paired,,,21,MOCP-0110p21,"MOCP-0110p21,",,,,,,,,,,,,,
495,dhfRC117_arab_0.0312_270min_P6_rep1,AAGACGGGT,GATATCGA,ACTCGTGT,NC_008463.1,,,,21,,,,#REF!,,,#REF!,,RtS,,,,,,,,,,RtS-TS,Paired,,,21,MOCP-0110p21,"MOCP-0110p21,",,,,,,,,,,,,,
496,dhfRC117_arab_0_270min_P6_rep1,GTACCGAGT,GATATCGA,ACTCGTGT,NC_008463.1,,,,21,,,,#REF!,,,#REF!,,RtS,,,,,,,,,,RtS-TS,Paired,,,21,MOCP-0110p21,"MOCP-0110p21,",,,,,,,,,,,,,
497,dhfRC117_arab_0.5_270min_P6_rep2,CGCCAGACT,GATATCGA,ACTCGTGT,NC_008463.1,,,,21,,,,#REF!,,,#REF!,,RtS,,,,,,,,,,RtS-TS,Paired,,,21,MOCP-0110p21,"MOCP-0110p21,",,,,,,,,,,,,,
498,dhfRC117_arab_0.125_270min_P6_rep2,CCGCGGGAT,GATATCGA,ACTCGTGT,NC_008463.1,,,,21,,,,#REF!,,,#REF!,,RtS,,,,,,,,,,RtS-TS,Paired,,,21,MOCP-0110p21,"MOCP-0110p21,",,,,,,,,,,,,,
499,dhfRC117_arab_0.0312_270min_P6_rep2,AAGTGCCGT,GATATCGA,ACTCGTGT,NC_008463.1,,,,21,,,,#REF!,,,#REF!,,RtS,,,,,,,,,,RtS-TS,Paired,,,21,MOCP-0110p21,"MOCP-0110p21,",,,,,,,,,,,,,
500,dhfRC117_arab_0_270min_P6_rep2,ACAATCTCT,GATATCGA,ACTCGTGT,NC_008463.1,,,,21,,,,#REF!,,,#REF!,,RtS,,,,,,,,,,RtS-TS,Paired,,,21,MOCP-0110p21,"MOCP-0110p21,",,,,,,,,,,,,,
501,dhfRC117_arab_0.5_270min_P6_rep3,CATCTGTAT,GATATCGA,ACTCGTGT,NC_008463.1,,,,21,,,,#REF!,,,#REF!,,RtS,,,,,,,,,,RtS-TS,Paired,,,21,MOCP-0110p21,"MOCP-0110p21,",,,,,,,,,,,,,
502,dhfRC117_arab_0.125_270min_P6_rep3,GTCTCCCAT,GATATCGA,ACTCGTGT,NC_008463.1,,,,21,,,,#REF!,,,#REF!,,RtS,,,,,,,,,,RtS-TS,Paired,,,21,MOCP-0110p21,"MOCP-0110p21,",,,,,,,,,,,,,
503,dhfRC117_arab_0.0312_270min_P6_rep3,CTGTAGGGT,GATATCGA,ACTCGTGT,NC_008463.1,,,,21,,,,#REF!,,,#REF!,,RtS,,,,,,,,,,RtS-TS,Paired,,,21,MOCP-0110p21,"MOCP-0110p21,",,,,,,,,,,,,,
504,dhfRC117_arab_0_270min_P6_rep3,AGTTAGAGT,GATATCGA,ACTCGTGT,NC_008463.1,,,,21,,,,#REF!,,,#REF!,,RtS,,,,,,,,,,RtS-TS,Paired,,,21,MOCP-0110p21,"MOCP-0110p21,",,,,,,,,,,,,,
505,gyrAC131_arab_0.5_270min_P6_rep1,CAACACTTT,AGCGCTAG,GTCTACAC,NC_008463.1,,,,22,,,,#REF!,,,#REF!,,RtS,,,,,,,,,,RtS-TS,Paired,,,22,MOCP-0110p22,"MOCP-0110p22,",,,,,,,,,,,,,
506,gyrAC131_arab_0.125_270min_P6_rep1,GATGGCTCT,AGCGCTAG,GTCTACAC,NC_008463.1,,,,22,,,,#REF!,,,#REF!,,RtS,,,,,,,,,,RtS-TS,Paired,,,22,MOCP-0110p22,"MOCP-0110p22,",,,,,,,,,,,,,
507,gyrAC131_arab_0.0312_270min_P6_rep1,AGAGGACCT,AGCGCTAG,GTCTACAC,NC_008463.1,,,,22,,,,#REF!,,,#REF!,,RtS,,,,,,,,,,RtS-TS,Paired,,,22,MOCP-0110p22,"MOCP-0110p22,",,,,,,,,,,,,,
508,gyrAC131_arab_0_270min_P6_rep1,GGCCGGTAT,AGCGCTAG,GTCTACAC,NC_008463.1,,,,22,,,,#REF!,,,#REF!,,RtS,,,,,,,,,,RtS-TS,Paired,,,22,MOCP-0110p22,"MOCP-0110p22,",,,,,,,,,,,,,
509,gyrAC131_arab_0.5_270min_P6_rep2,GCCGAGGGT,AGCGCTAG,GTCTACAC,NC_008463.1,,,,22,,,,#REF!,,,#REF!,,RtS,,,,,,,,,,RtS-TS,Paired,,,22,MOCP-0110p22,"MOCP-0110p22,",,,,,,,,,,,,,
510,gyrAC131_arab_0.125_270min_P6_rep2,CGATCCAGT,AGCGCTAG,GTCTACAC,NC_008463.1,,,,22,,,,#REF!,,,#REF!,,RtS,,,,,,,,,,RtS-TS,Paired,,,22,MOCP-0110p22,"MOCP-0110p22,",,,,,,,,,,,,,
511,gyrAC131_arab_0.0312_270min_P6_rep2,GTTAGAAAT,AGCGCTAG,GTCTACAC,NC_008463.1,,,,22,,,,#REF!,,,#REF!,,RtS,,,,,,,,,,RtS-TS,Paired,,,22,MOCP-0110p22,"MOCP-0110p22,",,,,,,,,,,,,,
512,gyrAC131_arab_0_270min_P6_rep2,GGTACCGGT,AGCGCTAG,GTCTACAC,NC_008463.1,,,,22,,,,#REF!,,,#REF!,,RtS,,,,,,,,,,RtS-TS,Paired,,,22,MOCP-0110p22,"MOCP-0110p22,",,,,,,,,,,,,,
513,gyrAC131_arab_0.5_270min_P6_rep3,TCGTCCGTT,AGCGCTAG,GTCTACAC,NC_008463.1,,,,22,,,,#REF!,,,#REF!,,RtS,,,,,,,,,,RtS-TS,Paired,,,22,MOCP-0110p22,"MOCP-0110p22,",,,,,,,,,,,,,
514,gyrAC131_arab_0.125_270min_P6_rep3,TGAATATTT,AGCGCTAG,GTCTACAC,NC_008463.1,,,,22,,,,#REF!,,,#REF!,,RtS,,,,,,,,,,RtS-TS,Paired,,,22,MOCP-0110p22,"MOCP-0110p22,",,,,,,,,,,,,,
515,gyrAC131_arab_0.0312_270min_P6_rep3,ATCTTTCCT,AGCGCTAG,GTCTACAC,NC_008463.1,,,,22,,,,#REF!,,,#REF!,,RtS,,,,,,,,,,RtS-TS,Paired,,,22,MOCP-0110p22,"MOCP-0110p22,",,,,,,,,,,,,,
516,gyrAC131_arab_0_270min_P6_rep3,CCAGGAGTT,AGCGCTAG,GTCTACAC,NC_008463.1,,,,22,,,,#REF!,,,#REF!,,RtS,,,,,,,,,,RtS-TS,Paired,,,22,MOCP-0110p22,"MOCP-0110p22,",,,,,,,,,,,,,
517,murAC119_arab_0.5_270min_P6_rep1,CGACTTGGT,AGCGCTAG,GTCTACAC,NC_008463.1,,,,22,,,,#REF!,,,#REF!,,RtS,,,,,,,,,,RtS-TS,Paired,,,22,MOCP-0110p22,"MOCP-0110p22,",,,,,,,,,,,,,
518,murAC119_arab_0.125_270min_P6_rep1,GTGGCTGCT,AGCGCTAG,GTCTACAC,NC_008463.1,,,,22,,,,#REF!,,,#REF!,,RtS,,,,,,,,,,RtS-TS,Paired,,,22,MOCP-0110p22,"MOCP-0110p22,",,,,,,,,,,,,,
519,murAC119_arab_0.0312_270min_P6_rep1,GCAGTTACT,AGCGCTAG,GTCTACAC,NC_008463.1,,,,22,,,,#REF!,,,#REF!,,RtS,,,,,,,,,,RtS-TS,Paired,,,22,MOCP-0110p22,"MOCP-0110p22,",,,,,,,,,,,,,
520,murAC119_arab_0_270min_P6_rep1,CACGATGAT,AGCGCTAG,GTCTACAC,NC_008463.1,,,,22,,,,#REF!,,,#REF!,,RtS,,,,,,,,,,RtS-TS,Paired,,,22,MOCP-0110p22,"MOCP-0110p22,",,,,,,,,,,,,,
521,murAC119_arab_0.5_270min_P6_rep2,CGTGGTAAT,AGCGCTAG,GTCTACAC,NC_008463.1,,,,22,,,,#REF!,,,#REF!,,RtS,,,,,,,,,,RtS-TS,Paired,,,22,MOCP-0110p22,"MOCP-0110p22,",,,,,,,,,,,,,
522,murAC119_arab_0.125_270min_P6_rep2,ATAATTCTT,AGCGCTAG,GTCTACAC,NC_008463.1,,,,22,,,,#REF!,,,#REF!,,RtS,,,,,,,,,,RtS-TS,Paired,,,22,MOCP-0110p22,"MOCP-0110p22,",,,,,,,,,,,,,
523,murAC119_arab_0.0312_270min_P6_rep2,CTTGGGCCT,AGCGCTAG,GTCTACAC,NC_008463.1,,,,22,,,,#REF!,,,#REF!,,RtS,,,,,,,,,,RtS-TS,Paired,,,22,MOCP-0110p22,"MOCP-0110p22,",,,,,,,,,,,,,
524,murAC119_arab_0_270min_P6_rep2,ATGTTGTAT,AGCGCTAG,GTCTACAC,NC_008463.1,,,,22,,,,#REF!,,,#REF!,,RtS,,,,,,,,,,RtS-TS,Paired,,,22,MOCP-0110p22,"MOCP-0110p22,",,,,,,,,,,,,,
525,murAC119_arab_0.5_270min_P6_rep3,CTGGTTCAT,AGCGCTAG,GTCTACAC,NC_008463.1,,,,22,,,,#REF!,,,#REF!,,RtS,,,,,,,,,,RtS-TS,Paired,,,22,MOCP-0110p22,"MOCP-0110p22,",,,,,,,,,,,,,
526,murAC119_arab_0.125_270min_P6_rep3,GTCCATATT,AGCGCTAG,GTCTACAC,NC_008463.1,,,,22,,,,#REF!,,,#REF!,,RtS,,,,,,,,,,RtS-TS,Paired,,,22,MOCP-0110p22,"MOCP-0110p22,",,,,,,,,,,,,,
527,murAC119_arab_0.0312_270min_P6_rep3,GCGAGTTGT,AGCGCTAG,GTCTACAC,NC_008463.1,,,,22,,,,#REF!,,,#REF!,,RtS,,,,,,,,,,RtS-TS,Paired,,,22,MOCP-0110p22,"MOCP-0110p22,",,,,,,,,,,,,,
528,murAC119_arab_0_270min_P6_rep3,GCCCTCCGT,AGCGCTAG,GTCTACAC,NC_008463.1,,,,22,,,,#REF!,,,#REF!,,RtS,,,,,,,,,,RtS-TS,Paired,,,22,MOCP-0110p22,"MOCP-0110p22,",,,,,,,,,,,,,
529,lptDC136_arab_0.5_270min_P6_rep1,AATAATGTT,CTGATCGT,GCGCATAT,NC_008463.1,,,,23,,,,#REF!,,,#REF!,,RtS,,,,,,,,,,RtS-TS,Paired,,,23,MOCP-0110p23,"MOCP-0110p23,",,,,,,,,,,,,,
530,lptDC136_arab_0.125_270min_P6_rep1,CAAGTGATT,CTGATCGT,GCGCATAT,NC_008463.1,,,,23,,,,#REF!,,,#REF!,,RtS,,,,,,,,,,RtS-TS,Paired,,,23,MOCP-0110p23,"MOCP-0110p23,",,,,,,,,,,,,,
531,lptDC136_arab_0.0312_270min_P6_rep1,AAGACGGGT,CTGATCGT,GCGCATAT,NC_008463.1,,,,23,,,,#REF!,,,#REF!,,RtS,,,,,,,,,,RtS-TS,Paired,,,23,MOCP-0110p23,"MOCP-0110p23,",,,,,,,,,,,,,
532,lptDC136_arab_0_270min_P6_rep1,GTACCGAGT,CTGATCGT,GCGCATAT,NC_008463.1,,,,23,,,,#REF!,,,#REF!,,RtS,,,,,,,,,,RtS-TS,Paired,,,23,MOCP-0110p23,"MOCP-0110p23,",,,,,,,,,,,,,
533,lptDC136_arab_0.5_270min_P6_rep2,CGCCAGACT,CTGATCGT,GCGCATAT,NC_008463.1,,,,23,,,,#REF!,,,#REF!,,RtS,,,,,,,,,,RtS-TS,Paired,,,23,MOCP-0110p23,"MOCP-0110p23,",,,,,,,,,,,,,
534,lptDC136_arab_0.125_270min_P6_rep2,CCGCGGGAT,CTGATCGT,GCGCATAT,NC_008463.1,,,,23,,,,#REF!,,,#REF!,,RtS,,,,,,,,,,RtS-TS,Paired,,,23,MOCP-0110p23,"MOCP-0110p23,",,,,,,,,,,,,,
535,lptDC136_arab_0.0312_270min_P6_rep2,AAGTGCCGT,CTGATCGT,GCGCATAT,NC_008463.1,,,,23,,,,#REF!,,,#REF!,,RtS,,,,,,,,,,RtS-TS,Paired,,,23,MOCP-0110p23,"MOCP-0110p23,",,,,,,,,,,,,,
536,lptDC136_arab_0_270min_P6_rep2,ACAATCTCT,CTGATCGT,GCGCATAT,NC_008463.1,,,,23,,,,#REF!,,,#REF!,,RtS,,,,,,,,,,RtS-TS,Paired,,,23,MOCP-0110p23,"MOCP-0110p23,",,,,,,,,,,,,,
537,lptDC136_arab_0.5_270min_P6_rep3,CATCTGTAT,CTGATCGT,GCGCATAT,NC_008463.1,,,,23,,,,#REF!,,,#REF!,,RtS,,,,,,,,,,RtS-TS,Paired,,,23,MOCP-0110p23,"MOCP-0110p23,",,,,,,,,,,,,,
538,lptDC136_arab_0.125_270min_P6_rep3,GTCTCCCAT,CTGATCGT,GCGCATAT,NC_008463.1,,,,23,,,,#REF!,,,#REF!,,RtS,,,,,,,,,,RtS-TS,Paired,,,23,MOCP-0110p23,"MOCP-0110p23,",,,,,,,,,,,,,
539,lptDC136_arab_0.0312_270min_P6_rep3,CTGTAGGGT,CTGATCGT,GCGCATAT,NC_008463.1,,,,23,,,,#REF!,,,#REF!,,RtS,,,,,,,,,,RtS-TS,Paired,,,23,MOCP-0110p23,"MOCP-0110p23,",,,,,,,,,,,,,
540,lptDC136_arab_0_270min_P6_rep3,AGTTAGAGT,CTGATCGT,GCGCATAT,NC_008463.1,,,,23,,,,#REF!,,,#REF!,,RtS,,,,,,,,,,RtS-TS,Paired,,,23,MOCP-0110p23,"MOCP-0110p23,",,,,,,,,,,,,,
541,lpxcC165_arab_0.5_270min_P6_rep1,CAACACTTT,CTGATCGT,GCGCATAT,NC_008463.1,,,,23,,,,#REF!,,,#REF!,,RtS,,,,,,,,,,RtS-TS,Paired,,,23,MOCP-0110p23,"MOCP-0110p23,",,,,,,,,,,,,,
542,lpxcC165_arab_0.125_270min_P6_rep1,GATGGCTCT,CTGATCGT,GCGCATAT,NC_008463.1,,,,23,,,,#REF!,,,#REF!,,RtS,,,,,,,,,,RtS-TS,Paired,,,23,MOCP-0110p23,"MOCP-0110p23,",,,,,,,,,,,,,
543,lpxcC165_arab_0.0312_270min_P6_rep1,AGAGGACCT,CTGATCGT,GCGCATAT,NC_008463.1,,,,23,,,,#REF!,,,#REF!,,RtS,,,,,,,,,,RtS-TS,Paired,,,23,MOCP-0110p23,"MOCP-0110p23,",,,,,,,,,,,,,
544,lpxcC165_arab_0_270min_P6_rep1,GGCCGGTAT,CTGATCGT,GCGCATAT,NC_008463.1,,,,23,,,,#REF!,,,#REF!,,RtS,,,,,,,,,,RtS-TS,Paired,,,23,MOCP-0110p23,"MOCP-0110p23,",,,,,,,,,,,,,
545,lpxcC165_arab_0.5_270min_P6_rep2,GCCGAGGGT,CTGATCGT,GCGCATAT,NC_008463.1,,,,23,,,,#REF!,,,#REF!,,RtS,,,,,,,,,,RtS-TS,Paired,,,23,MOCP-0110p23,"MOCP-0110p23,",,,,,,,,,,,,,
546,lpxcC165_arab_0.125_270min_P6_rep2,CGATCCAGT,CTGATCGT,GCGCATAT,NC_008463.1,,,,23,,,,#REF!,,,#REF!,,RtS,,,,,,,,,,RtS-TS,Paired,,,23,MOCP-0110p23,"MOCP-0110p23,",,,,,,,,,,,,,
547,lpxcC165_arab_0.0312_270min_P6_rep2,GTTAGAAAT,CTGATCGT,GCGCATAT,NC_008463.1,,,,23,,,,#REF!,,,#REF!,,RtS,,,,,,,,,,RtS-TS,Paired,,,23,MOCP-0110p23,"MOCP-0110p23,",,,,,,,,,,,,,
548,lpxcC165_arab_0_270min_P6_rep2,GGTACCGGT,CTGATCGT,GCGCATAT,NC_008463.1,,,,23,,,,#REF!,,,#REF!,,RtS,,,,,,,,,,RtS-TS,Paired,,,23,MOCP-0110p23,"MOCP-0110p23,",,,,,,,,,,,,,
549,lpxcC165_arab_0.5_270min_P6_rep3,TCGTCCGTT,CTGATCGT,GCGCATAT,NC_008463.1,,,,23,,,,#REF!,,,#REF!,,RtS,,,,,,,,,,RtS-TS,Paired,,,23,MOCP-0110p23,"MOCP-0110p23,",,,,,,,,,,,,,
550,lpxcC165_arab_0.125_270min_P6_rep3,TGAATATTT,CTGATCGT,GCGCATAT,NC_008463.1,,,,23,,,,#REF!,,,#REF!,,RtS,,,,,,,,,,RtS-TS,Paired,,,23,MOCP-0110p23,"MOCP-0110p23,",,,,,,,,,,,,,
551,lpxcC165_arab_0.0312_270min_P6_rep3,ATCTTTCCT,CTGATCGT,GCGCATAT,NC_008463.1,,,,23,,,,#REF!,,,#REF!,,RtS,,,,,,,,,,RtS-TS,Paired,,,23,MOCP-0110p23,"MOCP-0110p23,",,,,,,,,,,,,,
552,lpxcC165_arab_0_270min_P6_rep3,CCAGGAGTT,CTGATCGT,GCGCATAT,NC_008463.1,,,,23,,,,#REF!,,,#REF!,,RtS,,,,,,,,,,RtS-TS,Paired,,,23,MOCP-0110p23,"MOCP-0110p23,",,,,,,,,,,,,,
553,dxrC169_arab_0.5_270min_P6_rep1,CGACTTGGT,ACTCTCGA,CTGTACCA,NC_008463.1,,,,24,,,,#REF!,,,#REF!,,RtS,,,,,,,,,,RtS-TS,Paired,,,24,MOCP-0110p24,"MOCP-0110p24,",,,,,,,,,,,,,
554,dxrC169_arab_0.125_270min_P6_rep1,GTGGCTGCT,ACTCTCGA,CTGTACCA,NC_008463.1,,,,24,,,,#REF!,,,#REF!,,RtS,,,,,,,,,,RtS-TS,Paired,,,24,MOCP-0110p24,"MOCP-0110p24,",,,,,,,,,,,,,
555,dxrC169_arab_0.0312_270min_P6_rep1,GCAGTTACT,ACTCTCGA,CTGTACCA,NC_008463.1,,,,24,,,,#REF!,,,#REF!,,RtS,,,,,,,,,,RtS-TS,Paired,,,24,MOCP-0110p24,"MOCP-0110p24,",,,,,,,,,,,,,
556,dxrC169_arab_0_270min_P6_rep1,CACGATGAT,ACTCTCGA,CTGTACCA,NC_008463.1,,,,24,,,,#REF!,,,#REF!,,RtS,,,,,,,,,,RtS-TS,Paired,,,24,MOCP-0110p24,"MOCP-0110p24,",,,,,,,,,,,,,
557,dxrC169_arab_0.5_270min_P6_rep2,CGTGGTAAT,ACTCTCGA,CTGTACCA,NC_008463.1,,,,24,,,,#REF!,,,#REF!,,RtS,,,,,,,,,,RtS-TS,Paired,,,24,MOCP-0110p24,"MOCP-0110p24,",,,,,,,,,,,,,
558,dxrC169_arab_0.125_270min_P6_rep2,ATAATTCTT,ACTCTCGA,CTGTACCA,NC_008463.1,,,,24,,,,#REF!,,,#REF!,,RtS,,,,,,,,,,RtS-TS,Paired,,,24,MOCP-0110p24,"MOCP-0110p24,",,,,,,,,,,,,,
559,dxrC169_arab_0.0312_270min_P6_rep2,CTTGGGCCT,ACTCTCGA,CTGTACCA,NC_008463.1,,,,24,,,,#REF!,,,#REF!,,RtS,,,,,,,,,,RtS-TS,Paired,,,24,MOCP-0110p24,"MOCP-0110p24,",,,,,,,,,,,,,
560,dxrC169_arab_0_270min_P6_rep2,ATGTTGTAT,ACTCTCGA,CTGTACCA,NC_008463.1,,,,24,,,,#REF!,,,#REF!,,RtS,,,,,,,,,,RtS-TS,Paired,,,24,MOCP-0110p24,"MOCP-0110p24,",,,,,,,,,,,,,
561,dxrC169_arab_0.5_270min_P6_rep3,CTGGTTCAT,ACTCTCGA,CTGTACCA,NC_008463.1,,,,24,,,,#REF!,,,#REF!,,RtS,,,,,,,,,,RtS-TS,Paired,,,24,MOCP-0110p24,"MOCP-0110p24,",,,,,,,,,,,,,
562,dxrC169_arab_0.125_270min_P6_rep3,GTCCATATT,ACTCTCGA,CTGTACCA,NC_008463.1,,,,24,,,,#REF!,,,#REF!,,RtS,,,,,,,,,,RtS-TS,Paired,,,24,MOCP-0110p24,"MOCP-0110p24,",,,,,,,,,,,,,
563,dxrC169_arab_0.0312_270min_P6_rep3,GCGAGTTGT,ACTCTCGA,CTGTACCA,NC_008463.1,,,,24,,,,#REF!,,,#REF!,,RtS,,,,,,,,,,RtS-TS,Paired,,,24,MOCP-0110p24,"MOCP-0110p24,",,,,,,,,,,,,,
564,dxrC169_arab_0_270min_P6_rep3,GCCCTCCGT,ACTCTCGA,CTGTACCA,NC_008463.1,,,,24,,,,#REF!,,,#REF!,,RtS,,,,,,,,,,RtS-TS,Paired,,,24,MOCP-0110p24,"MOCP-0110p24,",,,,,,,,,,,,,
565,mreBC78_arab_0.5_270min_P6_rep1,AATAATGTT,ACTCTCGA,CTGTACCA,NC_008463.1,,,,24,,,,#REF!,,,#REF!,,RtS,,,,,,,,,,RtS-TS,Paired,,,24,MOCP-0110p24,"MOCP-0110p24,",,,,,,,,,,,,,
566,mreBC78_arab_0.125_270min_P6_rep1,CAAGTGATT,ACTCTCGA,CTGTACCA,NC_008463.1,,,,24,,,,#REF!,,,#REF!,,RtS,,,,,,,,,,RtS-TS,Paired,,,24,MOCP-0110p24,"MOCP-0110p24,",,,,,,,,,,,,,
567,mreBC78_arab_0.0312_270min_P6_rep1,AAGACGGGT,ACTCTCGA,CTGTACCA,NC_008463.1,,,,24,,,,#REF!,,,#REF!,,RtS,,,,,,,,,,RtS-TS,Paired,,,24,MOCP-0110p24,"MOCP-0110p24,",,,,,,,,,,,,,
568,mreBC78_arab_0_270min_P6_rep1,GTACCGAGT,ACTCTCGA,CTGTACCA,NC_008463.1,,,,24,,,,#REF!,,,#REF!,,RtS,,,,,,,,,,RtS-TS,Paired,,,24,MOCP-0110p24,"MOCP-0110p24,",,,,,,,,,,,,,
569,mreBC78_arab_0.5_270min_P6_rep2,CGCCAGACT,ACTCTCGA,CTGTACCA,NC_008463.1,,,,24,,,,#REF!,,,#REF!,,RtS,,,,,,,,,,RtS-TS,Paired,,,24,MOCP-0110p24,"MOCP-0110p24,",,,,,,,,,,,,,
570,mreBC78_arab_0.125_270min_P6_rep2,CCGCGGGAT,ACTCTCGA,CTGTACCA,NC_008463.1,,,,24,,,,#REF!,,,#REF!,,RtS,,,,,,,,,,RtS-TS,Paired,,,24,MOCP-0110p24,"MOCP-0110p24,",,,,,,,,,,,,,
571,mreBC78_arab_0.0312_270min_P6_rep2,AAGTGCCGT,ACTCTCGA,CTGTACCA,NC_008463.1,,,,24,,,,#REF!,,,#REF!,,RtS,,,,,,,,,,RtS-TS,Paired,,,24,MOCP-0110p24,"MOCP-0110p24,",,,,,,,,,,,,,
572,mreBC78_arab_0_270min_P6_rep2,ACAATCTCT,ACTCTCGA,CTGTACCA,NC_008463.1,,,,24,,,,#REF!,,,#REF!,,RtS,,,,,,,,,,RtS-TS,Paired,,,24,MOCP-0110p24,"MOCP-0110p24,",,,,,,,,,,,,,
573,mreBC78_arab_0.5_270min_P6_rep3,CATCTGTAT,ACTCTCGA,CTGTACCA,NC_008463.1,,,,24,,,,#REF!,,,#REF!,,RtS,,,,,,,,,,RtS-TS,Paired,,,24,MOCP-0110p24,"MOCP-0110p24,",,,,,,,,,,,,,
574,mreBC78_arab_0.125_270min_P6_rep3,GTCTCCCAT,ACTCTCGA,CTGTACCA,NC_008463.1,,,,24,,,,#REF!,,,#REF!,,RtS,,,,,,,,,,RtS-TS,Paired,,,24,MOCP-0110p24,"MOCP-0110p24,",,,,,,,,,,,,,
575,mreBC78_arab_0.0312_270min_P6_rep3,CTGTAGGGT,ACTCTCGA,CTGTACCA,NC_008463.1,,,,24,,,,#REF!,,,#REF!,,RtS,,,,,,,,,,RtS-TS,Paired,,,24,MOCP-0110p24,"MOCP-0110p24,",,,,,,,,,,,,,
576,mreBC78_arab_0_270min_P6_rep3,AGTTAGAGT,ACTCTCGA,CTGTACCA,NC_008463.1,,,,24,,,,#REF!,,,#REF!,,RtS,,,,,,,,,,RtS-TS,Paired,,,24,MOCP-0110p24,"MOCP-0110p24,",,,,,,,,,,,,,
